# t y 
0.000000 1.000000
0.001000 1.001000
0.002000 1.002000
0.003000 1.003001
0.004000 1.004003
0.005000 1.005005
0.006000 1.006007
0.007000 1.007010
0.008000 1.008014
0.009000 1.009018
0.010000 1.010022
0.011000 1.011027
0.012000 1.012033
0.013000 1.013039
0.014000 1.014045
0.015000 1.015052
0.016000 1.016060
0.017000 1.017068
0.018000 1.018076
0.019000 1.019085
0.020000 1.020095
0.021000 1.021105
0.022000 1.022115
0.023000 1.023126
0.024000 1.024138
0.025000 1.025150
0.026000 1.026162
0.027000 1.027175
0.028000 1.028189
0.029000 1.029203
0.030000 1.030217
0.031000 1.031232
0.032000 1.032248
0.033000 1.033264
0.034000 1.034280
0.035000 1.035297
0.036000 1.036315
0.037000 1.037333
0.038000 1.038351
0.039000 1.039370
0.040000 1.040390
0.041000 1.041410
0.042000 1.042430
0.043000 1.043451
0.044000 1.044473
0.045000 1.045495
0.046000 1.046517
0.047000 1.047540
0.048000 1.048564
0.049000 1.049588
0.050000 1.050612
0.051000 1.051637
0.052000 1.052663
0.053000 1.053689
0.054000 1.054715
0.055000 1.055742
0.056000 1.056770
0.057000 1.057798
0.058000 1.058826
0.059000 1.059855
0.060000 1.060885
0.061000 1.061915
0.062000 1.062945
0.063000 1.063976
0.064000 1.065008
0.065000 1.066040
0.066000 1.067072
0.067000 1.068105
0.068000 1.069139
0.069000 1.070173
0.070000 1.071207
0.071000 1.072242
0.072000 1.073278
0.073000 1.074314
0.074000 1.075350
0.075000 1.076387
0.076000 1.077425
0.077000 1.078463
0.078000 1.079501
0.079000 1.080540
0.080000 1.081580
0.081000 1.082620
0.082000 1.083660
0.083000 1.084701
0.084000 1.085743
0.085000 1.086785
0.086000 1.087827
0.087000 1.088870
0.088000 1.089914
0.089000 1.090958
0.090000 1.092002
0.091000 1.093047
0.092000 1.094092
0.093000 1.095138
0.094000 1.096185
0.095000 1.097232
0.096000 1.098279
0.097000 1.099327
0.098000 1.100376
0.099000 1.101425
0.100000 1.102474
0.101000 1.103524
0.102000 1.104575
0.103000 1.105626
0.104000 1.106677
0.105000 1.107729
0.106000 1.108782
0.107000 1.109835
0.108000 1.110888
0.109000 1.111942
0.110000 1.112997
0.111000 1.114052
0.112000 1.115107
0.113000 1.116163
0.114000 1.117220
0.115000 1.118277
0.116000 1.119334
0.117000 1.120392
0.118000 1.121451
0.119000 1.122510
0.120000 1.123569
0.121000 1.124629
0.122000 1.125690
0.123000 1.126751
0.124000 1.127812
0.125000 1.128874
0.126000 1.129937
0.127000 1.131000
0.128000 1.132063
0.129000 1.133127
0.130000 1.134191
0.131000 1.135256
0.132000 1.136322
0.133000 1.137388
0.134000 1.138454
0.135000 1.139521
0.136000 1.140589
0.137000 1.141657
0.138000 1.142725
0.139000 1.143794
0.140000 1.144864
0.141000 1.145934
0.142000 1.147004
0.143000 1.148075
0.144000 1.149147
0.145000 1.150219
0.146000 1.151291
0.147000 1.152364
0.148000 1.153438
0.149000 1.154512
0.150000 1.155586
0.151000 1.156661
0.152000 1.157737
0.153000 1.158813
0.154000 1.159889
0.155000 1.160966
0.156000 1.162044
0.157000 1.163122
0.158000 1.164200
0.159000 1.165279
0.160000 1.166358
0.161000 1.167438
0.162000 1.168519
0.163000 1.169600
0.164000 1.170681
0.165000 1.171763
0.166000 1.172846
0.167000 1.173929
0.168000 1.175012
0.169000 1.176096
0.170000 1.177181
0.171000 1.178266
0.172000 1.179351
0.173000 1.180437
0.174000 1.181524
0.175000 1.182611
0.176000 1.183698
0.177000 1.184786
0.178000 1.185875
0.179000 1.186964
0.180000 1.188053
0.181000 1.189143
0.182000 1.190234
0.183000 1.191324
0.184000 1.192416
0.185000 1.193508
0.186000 1.194600
0.187000 1.195693
0.188000 1.196787
0.189000 1.197881
0.190000 1.198975
0.191000 1.200070
0.192000 1.201166
0.193000 1.202262
0.194000 1.203358
0.195000 1.204455
0.196000 1.205553
0.197000 1.206651
0.198000 1.207749
0.199000 1.208848
0.200000 1.209948
0.201000 1.211048
0.202000 1.212148
0.203000 1.213249
0.204000 1.214350
0.205000 1.215452
0.206000 1.216555
0.207000 1.217658
0.208000 1.218761
0.209000 1.219865
0.210000 1.220970
0.211000 1.222075
0.212000 1.223180
0.213000 1.224286
0.214000 1.225393
0.215000 1.226500
0.216000 1.227607
0.217000 1.228715
0.218000 1.229824
0.219000 1.230933
0.220000 1.232042
0.221000 1.233152
0.222000 1.234263
0.223000 1.235374
0.224000 1.236485
0.225000 1.237597
0.226000 1.238709
0.227000 1.239822
0.228000 1.240936
0.229000 1.242050
0.230000 1.243164
0.231000 1.244279
0.232000 1.245395
0.233000 1.246511
0.234000 1.247627
0.235000 1.248744
0.236000 1.249862
0.237000 1.250980
0.238000 1.252098
0.239000 1.253217
0.240000 1.254337
0.241000 1.255457
0.242000 1.256577
0.243000 1.257698
0.244000 1.258819
0.245000 1.259941
0.246000 1.261064
0.247000 1.262187
0.248000 1.263310
0.249000 1.264434
0.250000 1.265559
0.251000 1.266684
0.252000 1.267809
0.253000 1.268935
0.254000 1.270062
0.255000 1.271189
0.256000 1.272316
0.257000 1.273444
0.258000 1.274573
0.259000 1.275701
0.260000 1.276831
0.261000 1.277961
0.262000 1.279091
0.263000 1.280222
0.264000 1.281354
0.265000 1.282486
0.266000 1.283618
0.267000 1.284751
0.268000 1.285885
0.269000 1.287019
0.270000 1.288153
0.271000 1.289288
0.272000 1.290424
0.273000 1.291560
0.274000 1.292696
0.275000 1.293833
0.276000 1.294970
0.277000 1.296108
0.278000 1.297247
0.279000 1.298386
0.280000 1.299525
0.281000 1.300665
0.282000 1.301806
0.283000 1.302947
0.284000 1.304088
0.285000 1.305230
0.286000 1.306373
0.287000 1.307516
0.288000 1.308659
0.289000 1.309803
0.290000 1.310947
0.291000 1.312092
0.292000 1.313238
0.293000 1.314384
0.294000 1.315530
0.295000 1.316677
0.296000 1.317825
0.297000 1.318973
0.298000 1.320121
0.299000 1.321270
0.300000 1.322420
0.301000 1.323570
0.302000 1.324720
0.303000 1.325871
0.304000 1.327023
0.305000 1.328174
0.306000 1.329327
0.307000 1.330480
0.308000 1.331633
0.309000 1.332787
0.310000 1.333942
0.311000 1.335097
0.312000 1.336252
0.313000 1.337408
0.314000 1.338565
0.315000 1.339722
0.316000 1.340879
0.317000 1.342037
0.318000 1.343196
0.319000 1.344354
0.320000 1.345514
0.321000 1.346674
0.322000 1.347834
0.323000 1.348995
0.324000 1.350157
0.325000 1.351319
0.326000 1.352481
0.327000 1.353644
0.328000 1.354808
0.329000 1.355972
0.330000 1.357136
0.331000 1.358301
0.332000 1.359466
0.333000 1.360632
0.334000 1.361799
0.335000 1.362966
0.336000 1.364133
0.337000 1.365301
0.338000 1.366470
0.339000 1.367639
0.340000 1.368808
0.341000 1.369978
0.342000 1.371149
0.343000 1.372320
0.344000 1.373491
0.345000 1.374663
0.346000 1.375835
0.347000 1.377008
0.348000 1.378182
0.349000 1.379356
0.350000 1.380530
0.351000 1.381705
0.352000 1.382881
0.353000 1.384057
0.354000 1.385233
0.355000 1.386410
0.356000 1.387588
0.357000 1.388765
0.358000 1.389944
0.359000 1.391123
0.360000 1.392302
0.361000 1.393482
0.362000 1.394663
0.363000 1.395844
0.364000 1.397025
0.365000 1.398207
0.366000 1.399390
0.367000 1.400573
0.368000 1.401756
0.369000 1.402940
0.370000 1.404124
0.371000 1.405309
0.372000 1.406495
0.373000 1.407681
0.374000 1.408867
0.375000 1.410054
0.376000 1.411242
0.377000 1.412430
0.378000 1.413618
0.379000 1.414807
0.380000 1.415997
0.381000 1.417186
0.382000 1.418377
0.383000 1.419568
0.384000 1.420759
0.385000 1.421951
0.386000 1.423144
0.387000 1.424337
0.388000 1.425530
0.389000 1.426724
0.390000 1.427919
0.391000 1.429114
0.392000 1.430309
0.393000 1.431505
0.394000 1.432701
0.395000 1.433898
0.396000 1.435096
0.397000 1.436294
0.398000 1.437492
0.399000 1.438691
0.400000 1.439891
0.401000 1.441091
0.402000 1.442291
0.403000 1.443492
0.404000 1.444693
0.405000 1.445895
0.406000 1.447098
0.407000 1.448301
0.408000 1.449504
0.409000 1.450708
0.410000 1.451913
0.411000 1.453118
0.412000 1.454323
0.413000 1.455529
0.414000 1.456735
0.415000 1.457942
0.416000 1.459150
0.417000 1.460358
0.418000 1.461566
0.419000 1.462775
0.420000 1.463985
0.421000 1.465195
0.422000 1.466405
0.423000 1.467616
0.424000 1.468828
0.425000 1.470039
0.426000 1.471252
0.427000 1.472465
0.428000 1.473678
0.429000 1.474892
0.430000 1.476107
0.431000 1.477322
0.432000 1.478537
0.433000 1.479753
0.434000 1.480970
0.435000 1.482186
0.436000 1.483404
0.437000 1.484622
0.438000 1.485840
0.439000 1.487059
0.440000 1.488279
0.441000 1.489499
0.442000 1.490719
0.443000 1.491940
0.444000 1.493162
0.445000 1.494383
0.446000 1.495606
0.447000 1.496829
0.448000 1.498052
0.449000 1.499276
0.450000 1.500501
0.451000 1.501726
0.452000 1.502951
0.453000 1.504177
0.454000 1.505404
0.455000 1.506630
0.456000 1.507858
0.457000 1.509086
0.458000 1.510314
0.459000 1.511543
0.460000 1.512773
0.461000 1.514003
0.462000 1.515233
0.463000 1.516464
0.464000 1.517696
0.465000 1.518927
0.466000 1.520160
0.467000 1.521393
0.468000 1.522626
0.469000 1.523860
0.470000 1.525095
0.471000 1.526330
0.472000 1.527565
0.473000 1.528801
0.474000 1.530037
0.475000 1.531274
0.476000 1.532512
0.477000 1.533750
0.478000 1.534988
0.479000 1.536227
0.480000 1.537467
0.481000 1.538707
0.482000 1.539947
0.483000 1.541188
0.484000 1.542429
0.485000 1.543671
0.486000 1.544914
0.487000 1.546157
0.488000 1.547400
0.489000 1.548644
0.490000 1.549889
0.491000 1.551134
0.492000 1.552379
0.493000 1.553625
0.494000 1.554871
0.495000 1.556118
0.496000 1.557366
0.497000 1.558614
0.498000 1.559862
0.499000 1.561111
0.500000 1.562361
0.501000 1.563611
0.502000 1.564861
0.503000 1.566112
0.504000 1.567363
0.505000 1.568615
0.506000 1.569868
0.507000 1.571121
0.508000 1.572374
0.509000 1.573628
0.510000 1.574883
0.511000 1.576137
0.512000 1.577393
0.513000 1.578649
0.514000 1.579905
0.515000 1.581162
0.516000 1.582420
0.517000 1.583678
0.518000 1.584936
0.519000 1.586195
0.520000 1.587454
0.521000 1.588714
0.522000 1.589975
0.523000 1.591236
0.524000 1.592497
0.525000 1.593759
0.526000 1.595022
0.527000 1.596285
0.528000 1.597548
0.529000 1.598812
0.530000 1.600076
0.531000 1.601341
0.532000 1.602607
0.533000 1.603873
0.534000 1.605139
0.535000 1.606406
0.536000 1.607673
0.537000 1.608941
0.538000 1.610210
0.539000 1.611479
0.540000 1.612748
0.541000 1.614018
0.542000 1.615289
0.543000 1.616560
0.544000 1.617831
0.545000 1.619103
0.546000 1.620375
0.547000 1.621648
0.548000 1.622922
0.549000 1.624196
0.550000 1.625470
0.551000 1.626745
0.552000 1.628021
0.553000 1.629296
0.554000 1.630573
0.555000 1.631850
0.556000 1.633127
0.557000 1.634405
0.558000 1.635684
0.559000 1.636963
0.560000 1.638242
0.561000 1.639522
0.562000 1.640802
0.563000 1.642083
0.564000 1.643365
0.565000 1.644647
0.566000 1.645929
0.567000 1.647212
0.568000 1.648496
0.569000 1.649779
0.570000 1.651064
0.571000 1.652349
0.572000 1.653634
0.573000 1.654920
0.574000 1.656207
0.575000 1.657494
0.576000 1.658781
0.577000 1.660069
0.578000 1.661357
0.579000 1.662646
0.580000 1.663936
0.581000 1.665226
0.582000 1.666516
0.583000 1.667807
0.584000 1.669099
0.585000 1.670390
0.586000 1.671683
0.587000 1.672976
0.588000 1.674269
0.589000 1.675563
0.590000 1.676858
0.591000 1.678153
0.592000 1.679448
0.593000 1.680744
0.594000 1.682040
0.595000 1.683337
0.596000 1.684635
0.597000 1.685933
0.598000 1.687231
0.599000 1.688530
0.600000 1.689830
0.601000 1.691129
0.602000 1.692430
0.603000 1.693731
0.604000 1.695032
0.605000 1.696334
0.606000 1.697637
0.607000 1.698940
0.608000 1.700243
0.609000 1.701547
0.610000 1.702851
0.611000 1.704156
0.612000 1.705462
0.613000 1.706768
0.614000 1.708074
0.615000 1.709381
0.616000 1.710688
0.617000 1.711996
0.618000 1.713305
0.619000 1.714614
0.620000 1.715923
0.621000 1.717233
0.622000 1.718544
0.623000 1.719854
0.624000 1.721166
0.625000 1.722478
0.626000 1.723790
0.627000 1.725103
0.628000 1.726417
0.629000 1.727731
0.630000 1.729045
0.631000 1.730360
0.632000 1.731675
0.633000 1.732991
0.634000 1.734308
0.635000 1.735625
0.636000 1.736942
0.637000 1.738260
0.638000 1.739578
0.639000 1.740897
0.640000 1.742217
0.641000 1.743537
0.642000 1.744857
0.643000 1.746178
0.644000 1.747500
0.645000 1.748821
0.646000 1.750144
0.647000 1.751467
0.648000 1.752790
0.649000 1.754114
0.650000 1.755439
0.651000 1.756764
0.652000 1.758089
0.653000 1.759415
0.654000 1.760741
0.655000 1.762068
0.656000 1.763396
0.657000 1.764724
0.658000 1.766052
0.659000 1.767381
0.660000 1.768710
0.661000 1.770040
0.662000 1.771371
0.663000 1.772702
0.664000 1.774033
0.665000 1.775365
0.666000 1.776697
0.667000 1.778030
0.668000 1.779364
0.669000 1.780698
0.670000 1.782032
0.671000 1.783367
0.672000 1.784703
0.673000 1.786038
0.674000 1.787375
0.675000 1.788712
0.676000 1.790049
0.677000 1.791387
0.678000 1.792726
0.679000 1.794065
0.680000 1.795404
0.681000 1.796744
0.682000 1.798084
0.683000 1.799425
0.684000 1.800767
0.685000 1.802109
0.686000 1.803451
0.687000 1.804794
0.688000 1.806137
0.689000 1.807481
0.690000 1.808826
0.691000 1.810171
0.692000 1.811516
0.693000 1.812862
0.694000 1.814208
0.695000 1.815555
0.696000 1.816903
0.697000 1.818251
0.698000 1.819599
0.699000 1.820948
0.700000 1.822297
0.701000 1.823647
0.702000 1.824998
0.703000 1.826349
0.704000 1.827700
0.705000 1.829052
0.706000 1.830405
0.707000 1.831757
0.708000 1.833111
0.709000 1.834465
0.710000 1.835819
0.711000 1.837174
0.712000 1.838530
0.713000 1.839885
0.714000 1.841242
0.715000 1.842599
0.716000 1.843956
0.717000 1.845314
0.718000 1.846673
0.719000 1.848032
0.720000 1.849391
0.721000 1.850751
0.722000 1.852111
0.723000 1.853472
0.724000 1.854834
0.725000 1.856196
0.726000 1.857558
0.727000 1.858921
0.728000 1.860284
0.729000 1.861648
0.730000 1.863013
0.731000 1.864378
0.732000 1.865743
0.733000 1.867109
0.734000 1.868475
0.735000 1.869842
0.736000 1.871210
0.737000 1.872578
0.738000 1.873946
0.739000 1.875315
0.740000 1.876684
0.741000 1.878054
0.742000 1.879425
0.743000 1.880796
0.744000 1.882167
0.745000 1.883539
0.746000 1.884911
0.747000 1.886284
0.748000 1.887658
0.749000 1.889032
0.750000 1.890406
0.751000 1.891781
0.752000 1.893156
0.753000 1.894532
0.754000 1.895909
0.755000 1.897286
0.756000 1.898663
0.757000 1.900041
0.758000 1.901419
0.759000 1.902798
0.760000 1.904178
0.761000 1.905558
0.762000 1.906938
0.763000 1.908319
0.764000 1.909700
0.765000 1.911082
0.766000 1.912465
0.767000 1.913848
0.768000 1.915231
0.769000 1.916615
0.770000 1.917999
0.771000 1.919384
0.772000 1.920770
0.773000 1.922156
0.774000 1.923542
0.775000 1.924929
0.776000 1.926317
0.777000 1.927704
0.778000 1.929093
0.779000 1.930482
0.780000 1.931871
0.781000 1.933261
0.782000 1.934652
0.783000 1.936042
0.784000 1.937434
0.785000 1.938826
0.786000 1.940218
0.787000 1.941611
0.788000 1.943005
0.789000 1.944398
0.790000 1.945793
0.791000 1.947188
0.792000 1.948583
0.793000 1.949979
0.794000 1.951376
0.795000 1.952772
0.796000 1.954170
0.797000 1.955568
0.798000 1.956966
0.799000 1.958365
0.800000 1.959765
0.801000 1.961164
0.802000 1.962565
0.803000 1.963966
0.804000 1.965367
0.805000 1.966769
0.806000 1.968172
0.807000 1.969574
0.808000 1.970978
0.809000 1.972382
0.810000 1.973786
0.811000 1.975191
0.812000 1.976597
0.813000 1.978002
0.814000 1.979409
0.815000 1.980816
0.816000 1.982223
0.817000 1.983631
0.818000 1.985039
0.819000 1.986448
0.820000 1.987858
0.821000 1.989268
0.822000 1.990678
0.823000 1.992089
0.824000 1.993500
0.825000 1.994912
0.826000 1.996325
0.827000 1.997738
0.828000 1.999151
0.829000 2.000565
0.830000 2.001979
0.831000 2.003394
0.832000 2.004810
0.833000 2.006226
0.834000 2.007642
0.835000 2.009059
0.836000 2.010476
0.837000 2.011894
0.838000 2.013313
0.839000 2.014732
0.840000 2.016151
0.841000 2.017571
0.842000 2.018991
0.843000 2.020412
0.844000 2.021834
0.845000 2.023256
0.846000 2.024678
0.847000 2.026101
0.848000 2.027524
0.849000 2.028948
0.850000 2.030373
0.851000 2.031798
0.852000 2.033223
0.853000 2.034649
0.854000 2.036075
0.855000 2.037502
0.856000 2.038930
0.857000 2.040358
0.858000 2.041786
0.859000 2.043215
0.860000 2.044644
0.861000 2.046074
0.862000 2.047505
0.863000 2.048936
0.864000 2.050367
0.865000 2.051799
0.866000 2.053231
0.867000 2.054664
0.868000 2.056098
0.869000 2.057532
0.870000 2.058966
0.871000 2.060401
0.872000 2.061836
0.873000 2.063272
0.874000 2.064709
0.875000 2.066145
0.876000 2.067583
0.877000 2.069021
0.878000 2.070459
0.879000 2.071898
0.880000 2.073338
0.881000 2.074777
0.882000 2.076218
0.883000 2.077659
0.884000 2.079100
0.885000 2.080542
0.886000 2.081984
0.887000 2.083427
0.888000 2.084871
0.889000 2.086315
0.890000 2.087759
0.891000 2.089204
0.892000 2.090649
0.893000 2.092095
0.894000 2.093542
0.895000 2.094989
0.896000 2.096436
0.897000 2.097884
0.898000 2.099332
0.899000 2.100781
0.900000 2.102231
0.901000 2.103681
0.902000 2.105131
0.903000 2.106582
0.904000 2.108033
0.905000 2.109485
0.906000 2.110938
0.907000 2.112391
0.908000 2.113844
0.909000 2.115298
0.910000 2.116752
0.911000 2.118207
0.912000 2.119663
0.913000 2.121118
0.914000 2.122575
0.915000 2.124032
0.916000 2.125489
0.917000 2.126947
0.918000 2.128405
0.919000 2.129864
0.920000 2.131324
0.921000 2.132784
0.922000 2.134244
0.923000 2.135705
0.924000 2.137166
0.925000 2.138628
0.926000 2.140091
0.927000 2.141554
0.928000 2.143017
0.929000 2.144481
0.930000 2.145945
0.931000 2.147410
0.932000 2.148876
0.933000 2.150342
0.934000 2.151808
0.935000 2.153275
0.936000 2.154742
0.937000 2.156210
0.938000 2.157679
0.939000 2.159147
0.940000 2.160617
0.941000 2.162087
0.942000 2.163557
0.943000 2.165028
0.944000 2.166500
0.945000 2.167971
0.946000 2.169444
0.947000 2.170917
0.948000 2.172390
0.949000 2.173864
0.950000 2.175338
0.951000 2.176813
0.952000 2.178289
0.953000 2.179765
0.954000 2.181241
0.955000 2.182718
0.956000 2.184195
0.957000 2.185673
0.958000 2.187152
0.959000 2.188631
0.960000 2.190110
0.961000 2.191590
0.962000 2.193070
0.963000 2.194551
0.964000 2.196033
0.965000 2.197514
0.966000 2.198997
0.967000 2.200480
0.968000 2.201963
0.969000 2.203447
0.970000 2.204931
0.971000 2.206416
0.972000 2.207902
0.973000 2.209388
0.974000 2.210874
0.975000 2.212361
0.976000 2.213848
0.977000 2.215336
0.978000 2.216825
0.979000 2.218314
0.980000 2.219803
0.981000 2.221293
0.982000 2.222783
0.983000 2.224274
0.984000 2.225766
0.985000 2.227257
0.986000 2.228750
0.987000 2.230243
0.988000 2.231736
0.989000 2.233230
0.990000 2.234724
0.991000 2.236219
0.992000 2.237715
0.993000 2.239211
0.994000 2.240707
0.995000 2.242204
0.996000 2.243701
0.997000 2.245199
0.998000 2.246698
0.999000 2.248197
1.000000 2.249696
1.001000 2.251196
1.002000 2.252696
1.003000 2.254197
1.004000 2.255699
1.005000 2.257200
1.006000 2.258703
1.007000 2.260206
1.008000 2.261709
1.009000 2.263213
1.010000 2.264717
1.011000 2.266222
1.012000 2.267728
1.013000 2.269234
1.014000 2.270740
1.015000 2.272247
1.016000 2.273754
1.017000 2.275262
1.018000 2.276771
1.019000 2.278280
1.020000 2.279789
1.021000 2.281299
1.022000 2.282809
1.023000 2.284320
1.024000 2.285832
1.025000 2.287343
1.026000 2.288856
1.027000 2.290369
1.028000 2.291882
1.029000 2.293396
1.030000 2.294910
1.031000 2.296425
1.032000 2.297941
1.033000 2.299457
1.034000 2.300973
1.035000 2.302490
1.036000 2.304007
1.037000 2.305525
1.038000 2.307044
1.039000 2.308562
1.040000 2.310082
1.041000 2.311602
1.042000 2.313122
1.043000 2.314643
1.044000 2.316164
1.045000 2.317686
1.046000 2.319209
1.047000 2.320732
1.048000 2.322255
1.049000 2.323779
1.050000 2.325303
1.051000 2.326828
1.052000 2.328354
1.053000 2.329879
1.054000 2.331406
1.055000 2.332933
1.056000 2.334460
1.057000 2.335988
1.058000 2.337516
1.059000 2.339045
1.060000 2.340575
1.061000 2.342105
1.062000 2.343635
1.063000 2.345166
1.064000 2.346697
1.065000 2.348229
1.066000 2.349762
1.067000 2.351294
1.068000 2.352828
1.069000 2.354362
1.070000 2.355896
1.071000 2.357431
1.072000 2.358966
1.073000 2.360502
1.074000 2.362039
1.075000 2.363576
1.076000 2.365113
1.077000 2.366651
1.078000 2.368189
1.079000 2.369728
1.080000 2.371268
1.081000 2.372807
1.082000 2.374348
1.083000 2.375889
1.084000 2.377430
1.085000 2.378972
1.086000 2.380514
1.087000 2.382057
1.088000 2.383601
1.089000 2.385145
1.090000 2.386689
1.091000 2.388234
1.092000 2.389779
1.093000 2.391325
1.094000 2.392872
1.095000 2.394418
1.096000 2.395966
1.097000 2.397514
1.098000 2.399062
1.099000 2.400611
1.100000 2.402160
1.101000 2.403710
1.102000 2.405261
1.103000 2.406812
1.104000 2.408363
1.105000 2.409915
1.106000 2.411467
1.107000 2.413020
1.108000 2.414574
1.109000 2.416127
1.110000 2.417682
1.111000 2.419237
1.112000 2.420792
1.113000 2.422348
1.114000 2.423904
1.115000 2.425461
1.116000 2.427019
1.117000 2.428577
1.118000 2.430135
1.119000 2.431694
1.120000 2.433253
1.121000 2.434813
1.122000 2.436373
1.123000 2.437934
1.124000 2.439496
1.125000 2.441058
1.126000 2.442620
1.127000 2.444183
1.128000 2.445746
1.129000 2.447310
1.130000 2.448875
1.131000 2.450439
1.132000 2.452005
1.133000 2.453571
1.134000 2.455137
1.135000 2.456704
1.136000 2.458271
1.137000 2.459839
1.138000 2.461408
1.139000 2.462977
1.140000 2.464546
1.141000 2.466116
1.142000 2.467686
1.143000 2.469257
1.144000 2.470829
1.145000 2.472400
1.146000 2.473973
1.147000 2.475546
1.148000 2.477119
1.149000 2.478693
1.150000 2.480267
1.151000 2.481842
1.152000 2.483418
1.153000 2.484994
1.154000 2.486570
1.155000 2.488147
1.156000 2.489724
1.157000 2.491302
1.158000 2.492880
1.159000 2.494459
1.160000 2.496039
1.161000 2.497619
1.162000 2.499199
1.163000 2.500780
1.164000 2.502361
1.165000 2.503943
1.166000 2.505526
1.167000 2.507108
1.168000 2.508692
1.169000 2.510276
1.170000 2.511860
1.171000 2.513445
1.172000 2.515030
1.173000 2.516616
1.174000 2.518203
1.175000 2.519789
1.176000 2.521377
1.177000 2.522965
1.178000 2.524553
1.179000 2.526142
1.180000 2.527731
1.181000 2.529321
1.182000 2.530912
1.183000 2.532503
1.184000 2.534094
1.185000 2.535686
1.186000 2.537278
1.187000 2.538871
1.188000 2.540464
1.189000 2.542058
1.190000 2.543653
1.191000 2.545248
1.192000 2.546843
1.193000 2.548439
1.194000 2.550035
1.195000 2.551632
1.196000 2.553230
1.197000 2.554827
1.198000 2.556426
1.199000 2.558025
1.200000 2.559624
1.201000 2.561224
1.202000 2.562824
1.203000 2.564425
1.204000 2.566027
1.205000 2.567628
1.206000 2.569231
1.207000 2.570834
1.208000 2.572437
1.209000 2.574041
1.210000 2.575645
1.211000 2.577250
1.212000 2.578856
1.213000 2.580462
1.214000 2.582068
1.215000 2.583675
1.216000 2.585282
1.217000 2.586890
1.218000 2.588498
1.219000 2.590107
1.220000 2.591717
1.221000 2.593327
1.222000 2.594937
1.223000 2.596548
1.224000 2.598159
1.225000 2.599771
1.226000 2.601383
1.227000 2.602996
1.228000 2.604610
1.229000 2.606224
1.230000 2.607838
1.231000 2.609453
1.232000 2.611068
1.233000 2.612684
1.234000 2.614301
1.235000 2.615917
1.236000 2.617535
1.237000 2.619153
1.238000 2.620771
1.239000 2.622390
1.240000 2.624009
1.241000 2.625629
1.242000 2.627250
1.243000 2.628870
1.244000 2.630492
1.245000 2.632114
1.246000 2.633736
1.247000 2.635359
1.248000 2.636982
1.249000 2.638606
1.250000 2.640231
1.251000 2.641855
1.252000 2.643481
1.253000 2.645107
1.254000 2.646733
1.255000 2.648360
1.256000 2.649987
1.257000 2.651615
1.258000 2.653244
1.259000 2.654873
1.260000 2.656502
1.261000 2.658132
1.262000 2.659762
1.263000 2.661393
1.264000 2.663024
1.265000 2.664656
1.266000 2.666289
1.267000 2.667922
1.268000 2.669555
1.269000 2.671189
1.270000 2.672823
1.271000 2.674458
1.272000 2.676093
1.273000 2.677729
1.274000 2.679366
1.275000 2.681003
1.276000 2.682640
1.277000 2.684278
1.278000 2.685916
1.279000 2.687555
1.280000 2.689194
1.281000 2.690834
1.282000 2.692475
1.283000 2.694116
1.284000 2.695757
1.285000 2.697399
1.286000 2.699041
1.287000 2.700684
1.288000 2.702327
1.289000 2.703971
1.290000 2.705616
1.291000 2.707261
1.292000 2.708906
1.293000 2.710552
1.294000 2.712198
1.295000 2.713845
1.296000 2.715492
1.297000 2.717140
1.298000 2.718789
1.299000 2.720438
1.300000 2.722087
1.301000 2.723737
1.302000 2.725387
1.303000 2.727038
1.304000 2.728689
1.305000 2.730341
1.306000 2.731994
1.307000 2.733647
1.308000 2.735300
1.309000 2.736954
1.310000 2.738608
1.311000 2.740263
1.312000 2.741918
1.313000 2.743574
1.314000 2.745231
1.315000 2.746888
1.316000 2.748545
1.317000 2.750203
1.318000 2.751861
1.319000 2.753520
1.320000 2.755179
1.321000 2.756839
1.322000 2.758500
1.323000 2.760161
1.324000 2.761822
1.325000 2.763484
1.326000 2.765146
1.327000 2.766809
1.328000 2.768472
1.329000 2.770136
1.330000 2.771801
1.331000 2.773466
1.332000 2.775131
1.333000 2.776797
1.334000 2.778463
1.335000 2.780130
1.336000 2.781797
1.337000 2.783465
1.338000 2.785134
1.339000 2.786803
1.340000 2.788472
1.341000 2.790142
1.342000 2.791812
1.343000 2.793483
1.344000 2.795154
1.345000 2.796826
1.346000 2.798499
1.347000 2.800171
1.348000 2.801845
1.349000 2.803519
1.350000 2.805193
1.351000 2.806868
1.352000 2.808543
1.353000 2.810219
1.354000 2.811896
1.355000 2.813572
1.356000 2.815250
1.357000 2.816928
1.358000 2.818606
1.359000 2.820285
1.360000 2.821964
1.361000 2.823644
1.362000 2.825325
1.363000 2.827005
1.364000 2.828687
1.365000 2.830369
1.366000 2.832051
1.367000 2.833734
1.368000 2.835417
1.369000 2.837101
1.370000 2.838785
1.371000 2.840470
1.372000 2.842156
1.373000 2.843842
1.374000 2.845528
1.375000 2.847215
1.376000 2.848902
1.377000 2.850590
1.378000 2.852278
1.379000 2.853967
1.380000 2.855657
1.381000 2.857347
1.382000 2.859037
1.383000 2.860728
1.384000 2.862419
1.385000 2.864111
1.386000 2.865803
1.387000 2.867496
1.388000 2.869190
1.389000 2.870884
1.390000 2.872578
1.391000 2.874273
1.392000 2.875968
1.393000 2.877664
1.394000 2.879360
1.395000 2.881057
1.396000 2.882755
1.397000 2.884452
1.398000 2.886151
1.399000 2.887850
1.400000 2.889549
1.401000 2.891249
1.402000 2.892949
1.403000 2.894650
1.404000 2.896352
1.405000 2.898053
1.406000 2.899756
1.407000 2.901459
1.408000 2.903162
1.409000 2.904866
1.410000 2.906570
1.411000 2.908275
1.412000 2.909980
1.413000 2.911686
1.414000 2.913393
1.415000 2.915100
1.416000 2.916807
1.417000 2.918515
1.418000 2.920223
1.419000 2.921932
1.420000 2.923641
1.421000 2.925351
1.422000 2.927062
1.423000 2.928772
1.424000 2.930484
1.425000 2.932196
1.426000 2.933908
1.427000 2.935621
1.428000 2.937334
1.429000 2.939048
1.430000 2.940763
1.431000 2.942477
1.432000 2.944193
1.433000 2.945909
1.434000 2.947625
1.435000 2.949342
1.436000 2.951059
1.437000 2.952777
1.438000 2.954495
1.439000 2.956214
1.440000 2.957934
1.441000 2.959654
1.442000 2.961374
1.443000 2.963095
1.444000 2.964816
1.445000 2.966538
1.446000 2.968260
1.447000 2.969983
1.448000 2.971707
1.449000 2.973430
1.450000 2.975155
1.451000 2.976880
1.452000 2.978605
1.453000 2.980331
1.454000 2.982057
1.455000 2.983784
1.456000 2.985512
1.457000 2.987239
1.458000 2.988968
1.459000 2.990697
1.460000 2.992426
1.461000 2.994156
1.462000 2.995886
1.463000 2.997617
1.464000 2.999348
1.465000 3.001080
1.466000 3.002813
1.467000 3.004546
1.468000 3.006279
1.469000 3.008013
1.470000 3.009747
1.471000 3.011482
1.472000 3.013217
1.473000 3.014953
1.474000 3.016690
1.475000 3.018426
1.476000 3.020164
1.477000 3.021902
1.478000 3.023640
1.479000 3.025379
1.480000 3.027118
1.481000 3.028858
1.482000 3.030598
1.483000 3.032339
1.484000 3.034081
1.485000 3.035823
1.486000 3.037565
1.487000 3.039308
1.488000 3.041051
1.489000 3.042795
1.490000 3.044539
1.491000 3.046284
1.492000 3.048030
1.493000 3.049775
1.494000 3.051522
1.495000 3.053269
1.496000 3.055016
1.497000 3.056764
1.498000 3.058512
1.499000 3.060261
1.500000 3.062010
1.501000 3.063760
1.502000 3.065511
1.503000 3.067262
1.504000 3.069013
1.505000 3.070765
1.506000 3.072517
1.507000 3.074270
1.508000 3.076023
1.509000 3.077777
1.510000 3.079532
1.511000 3.081286
1.512000 3.083042
1.513000 3.084798
1.514000 3.086554
1.515000 3.088311
1.516000 3.090068
1.517000 3.091826
1.518000 3.093584
1.519000 3.095343
1.520000 3.097103
1.521000 3.098862
1.522000 3.100623
1.523000 3.102384
1.524000 3.104145
1.525000 3.105907
1.526000 3.107669
1.527000 3.109432
1.528000 3.111195
1.529000 3.112959
1.530000 3.114724
1.531000 3.116489
1.532000 3.118254
1.533000 3.120020
1.534000 3.121786
1.535000 3.123553
1.536000 3.125320
1.537000 3.127088
1.538000 3.128857
1.539000 3.130625
1.540000 3.132395
1.541000 3.134165
1.542000 3.135935
1.543000 3.137706
1.544000 3.139477
1.545000 3.141249
1.546000 3.143021
1.547000 3.144794
1.548000 3.146568
1.549000 3.148341
1.550000 3.150116
1.551000 3.151891
1.552000 3.153666
1.553000 3.155442
1.554000 3.157218
1.555000 3.158995
1.556000 3.160772
1.557000 3.162550
1.558000 3.164329
1.559000 3.166108
1.560000 3.167887
1.561000 3.169667
1.562000 3.171447
1.563000 3.173228
1.564000 3.175009
1.565000 3.176791
1.566000 3.178574
1.567000 3.180356
1.568000 3.182140
1.569000 3.183924
1.570000 3.185708
1.571000 3.187493
1.572000 3.189278
1.573000 3.191064
1.574000 3.192850
1.575000 3.194637
1.576000 3.196425
1.577000 3.198212
1.578000 3.200001
1.579000 3.201790
1.580000 3.203579
1.581000 3.205369
1.582000 3.207159
1.583000 3.208950
1.584000 3.210741
1.585000 3.212533
1.586000 3.214326
1.587000 3.216118
1.588000 3.217912
1.589000 3.219706
1.590000 3.221500
1.591000 3.223295
1.592000 3.225090
1.593000 3.226886
1.594000 3.228682
1.595000 3.230479
1.596000 3.232277
1.597000 3.234075
1.598000 3.235873
1.599000 3.237672
1.600000 3.239471
1.601000 3.241271
1.602000 3.243071
1.603000 3.244872
1.604000 3.246673
1.605000 3.248475
1.606000 3.250278
1.607000 3.252081
1.608000 3.253884
1.609000 3.255688
1.610000 3.257492
1.611000 3.259297
1.612000 3.261102
1.613000 3.262908
1.614000 3.264715
1.615000 3.266521
1.616000 3.268329
1.617000 3.270137
1.618000 3.271945
1.619000 3.273754
1.620000 3.275563
1.621000 3.277373
1.622000 3.279183
1.623000 3.280994
1.624000 3.282806
1.625000 3.284617
1.626000 3.286430
1.627000 3.288243
1.628000 3.290056
1.629000 3.291870
1.630000 3.293684
1.631000 3.295499
1.632000 3.297314
1.633000 3.299130
1.634000 3.300947
1.635000 3.302763
1.636000 3.304581
1.637000 3.306399
1.638000 3.308217
1.639000 3.310036
1.640000 3.311855
1.641000 3.313675
1.642000 3.315495
1.643000 3.317316
1.644000 3.319138
1.645000 3.320959
1.646000 3.322782
1.647000 3.324605
1.648000 3.326428
1.649000 3.328252
1.650000 3.330076
1.651000 3.331901
1.652000 3.333726
1.653000 3.335552
1.654000 3.337379
1.655000 3.339205
1.656000 3.341033
1.657000 3.342861
1.658000 3.344689
1.659000 3.346518
1.660000 3.348347
1.661000 3.350177
1.662000 3.352007
1.663000 3.353838
1.664000 3.355670
1.665000 3.357501
1.666000 3.359334
1.667000 3.361167
1.668000 3.363000
1.669000 3.364834
1.670000 3.366668
1.671000 3.368503
1.672000 3.370338
1.673000 3.372174
1.674000 3.374011
1.675000 3.375847
1.676000 3.377685
1.677000 3.379523
1.678000 3.381361
1.679000 3.383200
1.680000 3.385039
1.681000 3.386879
1.682000 3.388719
1.683000 3.390560
1.684000 3.392402
1.685000 3.394243
1.686000 3.396086
1.687000 3.397929
1.688000 3.399772
1.689000 3.401616
1.690000 3.403460
1.691000 3.405305
1.692000 3.407150
1.693000 3.408996
1.694000 3.410842
1.695000 3.412689
1.696000 3.414537
1.697000 3.416385
1.698000 3.418233
1.699000 3.420082
1.700000 3.421931
1.701000 3.423781
1.702000 3.425631
1.703000 3.427482
1.704000 3.429333
1.705000 3.431185
1.706000 3.433038
1.707000 3.434890
1.708000 3.436744
1.709000 3.438598
1.710000 3.440452
1.711000 3.442307
1.712000 3.444162
1.713000 3.446018
1.714000 3.447874
1.715000 3.449731
1.716000 3.451589
1.717000 3.453446
1.718000 3.455305
1.719000 3.457164
1.720000 3.459023
1.721000 3.460883
1.722000 3.462743
1.723000 3.464604
1.724000 3.466465
1.725000 3.468327
1.726000 3.470190
1.727000 3.472052
1.728000 3.473916
1.729000 3.475780
1.730000 3.477644
1.731000 3.479509
1.732000 3.481374
1.733000 3.483240
1.734000 3.485106
1.735000 3.486973
1.736000 3.488840
1.737000 3.490708
1.738000 3.492577
1.739000 3.494446
1.740000 3.496315
1.741000 3.498185
1.742000 3.500055
1.743000 3.501926
1.744000 3.503797
1.745000 3.505669
1.746000 3.507541
1.747000 3.509414
1.748000 3.511288
1.749000 3.513161
1.750000 3.515036
1.751000 3.516911
1.752000 3.518786
1.753000 3.520662
1.754000 3.522538
1.755000 3.524415
1.756000 3.526292
1.757000 3.528170
1.758000 3.530049
1.759000 3.531927
1.760000 3.533807
1.761000 3.535687
1.762000 3.537567
1.763000 3.539448
1.764000 3.541329
1.765000 3.543211
1.766000 3.545093
1.767000 3.546976
1.768000 3.548859
1.769000 3.550743
1.770000 3.552628
1.771000 3.554512
1.772000 3.556398
1.773000 3.558284
1.774000 3.560170
1.775000 3.562057
1.776000 3.563944
1.777000 3.565832
1.778000 3.567720
1.779000 3.569609
1.780000 3.571499
1.781000 3.573388
1.782000 3.575279
1.783000 3.577170
1.784000 3.579061
1.785000 3.580953
1.786000 3.582845
1.787000 3.584738
1.788000 3.586631
1.789000 3.588525
1.790000 3.590419
1.791000 3.592314
1.792000 3.594210
1.793000 3.596105
1.794000 3.598002
1.795000 3.599899
1.796000 3.601796
1.797000 3.603694
1.798000 3.605592
1.799000 3.607491
1.800000 3.609390
1.801000 3.611290
1.802000 3.613191
1.803000 3.615091
1.804000 3.616993
1.805000 3.618895
1.806000 3.620797
1.807000 3.622700
1.808000 3.624603
1.809000 3.626507
1.810000 3.628411
1.811000 3.630316
1.812000 3.632221
1.813000 3.634127
1.814000 3.636034
1.815000 3.637940
1.816000 3.639848
1.817000 3.641756
1.818000 3.643664
1.819000 3.645573
1.820000 3.647482
1.821000 3.649392
1.822000 3.651302
1.823000 3.653213
1.824000 3.655124
1.825000 3.657036
1.826000 3.658949
1.827000 3.660861
1.828000 3.662775
1.829000 3.664689
1.830000 3.666603
1.831000 3.668518
1.832000 3.670433
1.833000 3.672349
1.834000 3.674265
1.835000 3.676182
1.836000 3.678100
1.837000 3.680017
1.838000 3.681936
1.839000 3.683855
1.840000 3.685774
1.841000 3.687694
1.842000 3.689614
1.843000 3.691535
1.844000 3.693456
1.845000 3.695378
1.846000 3.697300
1.847000 3.699223
1.848000 3.701147
1.849000 3.703070
1.850000 3.704995
1.851000 3.706920
1.852000 3.708845
1.853000 3.710771
1.854000 3.712697
1.855000 3.714624
1.856000 3.716551
1.857000 3.718479
1.858000 3.720407
1.859000 3.722336
1.860000 3.724266
1.861000 3.726195
1.862000 3.728126
1.863000 3.730057
1.864000 3.731988
1.865000 3.733920
1.866000 3.735852
1.867000 3.737785
1.868000 3.739718
1.869000 3.741652
1.870000 3.743586
1.871000 3.745521
1.872000 3.747457
1.873000 3.749392
1.874000 3.751329
1.875000 3.753266
1.876000 3.755203
1.877000 3.757141
1.878000 3.759079
1.879000 3.761018
1.880000 3.762957
1.881000 3.764897
1.882000 3.766837
1.883000 3.768778
1.884000 3.770720
1.885000 3.772661
1.886000 3.774604
1.887000 3.776547
1.888000 3.778490
1.889000 3.780434
1.890000 3.782378
1.891000 3.784323
1.892000 3.786268
1.893000 3.788214
1.894000 3.790160
1.895000 3.792107
1.896000 3.794055
1.897000 3.796002
1.898000 3.797951
1.899000 3.799900
1.900000 3.801849
1.901000 3.803799
1.902000 3.805749
1.903000 3.807700
1.904000 3.809651
1.905000 3.811603
1.906000 3.813555
1.907000 3.815508
1.908000 3.817462
1.909000 3.819415
1.910000 3.821370
1.911000 3.823325
1.912000 3.825280
1.913000 3.827236
1.914000 3.829192
1.915000 3.831149
1.916000 3.833106
1.917000 3.835064
1.918000 3.837022
1.919000 3.838981
1.920000 3.840941
1.921000 3.842900
1.922000 3.844861
1.923000 3.846822
1.924000 3.848783
1.925000 3.850745
1.926000 3.852707
1.927000 3.854670
1.928000 3.856633
1.929000 3.858597
1.930000 3.860561
1.931000 3.862526
1.932000 3.864492
1.933000 3.866457
1.934000 3.868424
1.935000 3.870391
1.936000 3.872358
1.937000 3.874326
1.938000 3.876294
1.939000 3.878263
1.940000 3.880232
1.941000 3.882202
1.942000 3.884172
1.943000 3.886143
1.944000 3.888115
1.945000 3.890086
1.946000 3.892059
1.947000 3.894032
1.948000 3.896005
1.949000 3.897979
1.950000 3.899953
1.951000 3.901928
1.952000 3.903903
1.953000 3.905879
1.954000 3.907855
1.955000 3.909832
1.956000 3.911810
1.957000 3.913787
1.958000 3.915766
1.959000 3.917745
1.960000 3.919724
1.961000 3.921704
1.962000 3.923684
1.963000 3.925665
1.964000 3.927646
1.965000 3.929628
1.966000 3.931610
1.967000 3.933593
1.968000 3.935576
1.969000 3.937560
1.970000 3.939545
1.971000 3.941529
1.972000 3.943515
1.973000 3.945501
1.974000 3.947487
1.975000 3.949474
1.976000 3.951461
1.977000 3.953449
1.978000 3.955437
1.979000 3.957426
1.980000 3.959415
1.981000 3.961405
1.982000 3.963396
1.983000 3.965386
1.984000 3.967378
1.985000 3.969370
1.986000 3.971362
1.987000 3.973355
1.988000 3.975348
1.989000 3.977342
1.990000 3.979336
1.991000 3.981331
1.992000 3.983326
1.993000 3.985322
1.994000 3.987319
1.995000 3.989315
1.996000 3.991313
1.997000 3.993310
1.998000 3.995309
1.999000 3.997308
2.000000 3.999307
2.001000 4.001307
2.002000 4.003307
2.003000 4.005308
2.004000 4.007309
2.005000 4.009311
2.006000 4.011313
2.007000 4.013316
2.008000 4.015320
2.009000 4.017323
2.010000 4.019328
2.011000 4.021333
2.012000 4.023338
2.013000 4.025344
2.014000 4.027350
2.015000 4.029357
2.016000 4.031364
2.017000 4.033372
2.018000 4.035380
2.019000 4.037389
2.020000 4.039398
2.021000 4.041408
2.022000 4.043419
2.023000 4.045429
2.024000 4.047441
2.025000 4.049453
2.026000 4.051465
2.027000 4.053478
2.028000 4.055491
2.029000 4.057505
2.030000 4.059519
2.031000 4.061534
2.032000 4.063549
2.033000 4.065565
2.034000 4.067582
2.035000 4.069598
2.036000 4.071616
2.037000 4.073634
2.038000 4.075652
2.039000 4.077671
2.040000 4.079690
2.041000 4.081710
2.042000 4.083730
2.043000 4.085751
2.044000 4.087772
2.045000 4.089794
2.046000 4.091816
2.047000 4.093839
2.048000 4.095863
2.049000 4.097886
2.050000 4.099911
2.051000 4.101936
2.052000 4.103961
2.053000 4.105987
2.054000 4.108013
2.055000 4.110040
2.056000 4.112067
2.057000 4.114095
2.058000 4.116123
2.059000 4.118152
2.060000 4.120181
2.061000 4.122211
2.062000 4.124242
2.063000 4.126272
2.064000 4.128304
2.065000 4.130336
2.066000 4.132368
2.067000 4.134401
2.068000 4.136434
2.069000 4.138468
2.070000 4.140502
2.071000 4.142537
2.072000 4.144572
2.073000 4.146608
2.074000 4.148644
2.075000 4.150681
2.076000 4.152719
2.077000 4.154756
2.078000 4.156795
2.079000 4.158834
2.080000 4.160873
2.081000 4.162913
2.082000 4.164953
2.083000 4.166994
2.084000 4.169035
2.085000 4.171077
2.086000 4.173119
2.087000 4.175162
2.088000 4.177205
2.089000 4.179249
2.090000 4.181294
2.091000 4.183338
2.092000 4.185384
2.093000 4.187430
2.094000 4.189476
2.095000 4.191523
2.096000 4.193570
2.097000 4.195618
2.098000 4.197666
2.099000 4.199715
2.100000 4.201764
2.101000 4.203814
2.102000 4.205864
2.103000 4.207915
2.104000 4.209967
2.105000 4.212018
2.106000 4.214071
2.107000 4.216124
2.108000 4.218177
2.109000 4.220231
2.110000 4.222285
2.111000 4.224340
2.112000 4.226395
2.113000 4.228451
2.114000 4.230507
2.115000 4.232564
2.116000 4.234621
2.117000 4.236679
2.118000 4.238738
2.119000 4.240796
2.120000 4.242856
2.121000 4.244916
2.122000 4.246976
2.123000 4.249037
2.124000 4.251098
2.125000 4.253160
2.126000 4.255222
2.127000 4.257285
2.128000 4.259348
2.129000 4.261412
2.130000 4.263476
2.131000 4.265541
2.132000 4.267607
2.133000 4.269672
2.134000 4.271739
2.135000 4.273806
2.136000 4.275873
2.137000 4.277941
2.138000 4.280009
2.139000 4.282078
2.140000 4.284147
2.141000 4.286217
2.142000 4.288287
2.143000 4.290358
2.144000 4.292429
2.145000 4.294501
2.146000 4.296574
2.147000 4.298646
2.148000 4.300720
2.149000 4.302793
2.150000 4.304868
2.151000 4.306943
2.152000 4.309018
2.153000 4.311094
2.154000 4.313170
2.155000 4.315247
2.156000 4.317324
2.157000 4.319402
2.158000 4.321480
2.159000 4.323559
2.160000 4.325638
2.161000 4.327718
2.162000 4.329799
2.163000 4.331879
2.164000 4.333961
2.165000 4.336043
2.166000 4.338125
2.167000 4.340208
2.168000 4.342291
2.169000 4.344375
2.170000 4.346459
2.171000 4.348544
2.172000 4.350629
2.173000 4.352715
2.174000 4.354801
2.175000 4.356888
2.176000 4.358976
2.177000 4.361063
2.178000 4.363152
2.179000 4.365240
2.180000 4.367330
2.181000 4.369420
2.182000 4.371510
2.183000 4.373601
2.184000 4.375692
2.185000 4.377784
2.186000 4.379876
2.187000 4.381969
2.188000 4.384062
2.189000 4.386156
2.190000 4.388250
2.191000 4.390345
2.192000 4.392441
2.193000 4.394536
2.194000 4.396633
2.195000 4.398730
2.196000 4.400827
2.197000 4.402925
2.198000 4.405023
2.199000 4.407122
2.200000 4.409221
2.201000 4.411321
2.202000 4.413421
2.203000 4.415522
2.204000 4.417623
2.205000 4.419725
2.206000 4.421827
2.207000 4.423930
2.208000 4.426034
2.209000 4.428137
2.210000 4.430242
2.211000 4.432347
2.212000 4.434452
2.213000 4.436558
2.214000 4.438664
2.215000 4.440771
2.216000 4.442878
2.217000 4.444986
2.218000 4.447094
2.219000 4.449203
2.220000 4.451312
2.221000 4.453422
2.222000 4.455532
2.223000 4.457643
2.224000 4.459755
2.225000 4.461866
2.226000 4.463979
2.227000 4.466092
2.228000 4.468205
2.229000 4.470319
2.230000 4.472433
2.231000 4.474548
2.232000 4.476663
2.233000 4.478779
2.234000 4.480895
2.235000 4.483012
2.236000 4.485129
2.237000 4.487247
2.238000 4.489366
2.239000 4.491484
2.240000 4.493604
2.241000 4.495723
2.242000 4.497844
2.243000 4.499965
2.244000 4.502086
2.245000 4.504208
2.246000 4.506330
2.247000 4.508453
2.248000 4.510576
2.249000 4.512700
2.250000 4.514824
2.251000 4.516949
2.252000 4.519074
2.253000 4.521200
2.254000 4.523326
2.255000 4.525453
2.256000 4.527581
2.257000 4.529708
2.258000 4.531837
2.259000 4.533966
2.260000 4.536095
2.261000 4.538225
2.262000 4.540355
2.263000 4.542486
2.264000 4.544617
2.265000 4.546749
2.266000 4.548881
2.267000 4.551014
2.268000 4.553147
2.269000 4.555281
2.270000 4.557415
2.271000 4.559550
2.272000 4.561686
2.273000 4.563821
2.274000 4.565958
2.275000 4.568095
2.276000 4.570232
2.277000 4.572370
2.278000 4.574508
2.279000 4.576647
2.280000 4.578786
2.281000 4.580926
2.282000 4.583066
2.283000 4.585207
2.284000 4.587348
2.285000 4.589490
2.286000 4.591632
2.287000 4.593775
2.288000 4.595919
2.289000 4.598062
2.290000 4.600207
2.291000 4.602351
2.292000 4.604497
2.293000 4.606643
2.294000 4.608789
2.295000 4.610936
2.296000 4.613083
2.297000 4.615231
2.298000 4.617379
2.299000 4.619528
2.300000 4.621677
2.301000 4.623827
2.302000 4.625977
2.303000 4.628128
2.304000 4.630279
2.305000 4.632431
2.306000 4.634584
2.307000 4.636736
2.308000 4.638890
2.309000 4.641044
2.310000 4.643198
2.311000 4.645353
2.312000 4.647508
2.313000 4.649664
2.314000 4.651820
2.315000 4.653977
2.316000 4.656134
2.317000 4.658292
2.318000 4.660450
2.319000 4.662609
2.320000 4.664768
2.321000 4.666928
2.322000 4.669089
2.323000 4.671249
2.324000 4.673411
2.325000 4.675572
2.326000 4.677735
2.327000 4.679898
2.328000 4.682061
2.329000 4.684225
2.330000 4.686389
2.331000 4.688554
2.332000 4.690719
2.333000 4.692885
2.334000 4.695051
2.335000 4.697218
2.336000 4.699385
2.337000 4.701553
2.338000 4.703721
2.339000 4.705890
2.340000 4.708060
2.341000 4.710229
2.342000 4.712400
2.343000 4.714570
2.344000 4.716742
2.345000 4.718914
2.346000 4.721086
2.347000 4.723259
2.348000 4.725432
2.349000 4.727606
2.350000 4.729780
2.351000 4.731955
2.352000 4.734130
2.353000 4.736306
2.354000 4.738482
2.355000 4.740659
2.356000 4.742836
2.357000 4.745014
2.358000 4.747193
2.359000 4.749371
2.360000 4.751551
2.361000 4.753730
2.362000 4.755911
2.363000 4.758092
2.364000 4.760273
2.365000 4.762455
2.366000 4.764637
2.367000 4.766820
2.368000 4.769003
2.369000 4.771187
2.370000 4.773371
2.371000 4.775556
2.372000 4.777741
2.373000 4.779927
2.374000 4.782113
2.375000 4.784300
2.376000 4.786488
2.377000 4.788675
2.378000 4.790864
2.379000 4.793052
2.380000 4.795242
2.381000 4.797432
2.382000 4.799622
2.383000 4.801813
2.384000 4.804004
2.385000 4.806196
2.386000 4.808388
2.387000 4.810581
2.388000 4.812774
2.389000 4.814968
2.390000 4.817162
2.391000 4.819357
2.392000 4.821552
2.393000 4.823748
2.394000 4.825945
2.395000 4.828141
2.396000 4.830339
2.397000 4.832536
2.398000 4.834735
2.399000 4.836934
2.400000 4.839133
2.401000 4.841333
2.402000 4.843533
2.403000 4.845734
2.404000 4.847935
2.405000 4.850137
2.406000 4.852339
2.407000 4.854542
2.408000 4.856745
2.409000 4.858949
2.410000 4.861153
2.411000 4.863358
2.412000 4.865563
2.413000 4.867769
2.414000 4.869976
2.415000 4.872182
2.416000 4.874390
2.417000 4.876597
2.418000 4.878806
2.419000 4.881015
2.420000 4.883224
2.421000 4.885434
2.422000 4.887644
2.423000 4.889855
2.424000 4.892066
2.425000 4.894278
2.426000 4.896490
2.427000 4.898703
2.428000 4.900916
2.429000 4.903130
2.430000 4.905344
2.431000 4.907559
2.432000 4.909774
2.433000 4.911990
2.434000 4.914207
2.435000 4.916423
2.436000 4.918641
2.437000 4.920859
2.438000 4.923077
2.439000 4.925296
2.440000 4.927515
2.441000 4.929735
2.442000 4.931955
2.443000 4.934176
2.444000 4.936397
2.445000 4.938619
2.446000 4.940841
2.447000 4.943064
2.448000 4.945287
2.449000 4.947511
2.450000 4.949735
2.451000 4.951960
2.452000 4.954186
2.453000 4.956411
2.454000 4.958638
2.455000 4.960864
2.456000 4.963092
2.457000 4.965320
2.458000 4.967548
2.459000 4.969777
2.460000 4.972006
2.461000 4.974236
2.462000 4.976466
2.463000 4.978697
2.464000 4.980928
2.465000 4.983160
2.466000 4.985392
2.467000 4.987625
2.468000 4.989858
2.469000 4.992092
2.470000 4.994326
2.471000 4.996561
2.472000 4.998796
2.473000 5.001032
2.474000 5.003269
2.475000 5.005505
2.476000 5.007743
2.477000 5.009980
2.478000 5.012219
2.479000 5.014458
2.480000 5.016697
2.481000 5.018937
2.482000 5.021177
2.483000 5.023418
2.484000 5.025659
2.485000 5.027901
2.486000 5.030143
2.487000 5.032386
2.488000 5.034629
2.489000 5.036873
2.490000 5.039117
2.491000 5.041362
2.492000 5.043607
2.493000 5.045853
2.494000 5.048100
2.495000 5.050346
2.496000 5.052594
2.497000 5.054841
2.498000 5.057090
2.499000 5.059339
2.500000 5.061588
2.501000 5.063838
2.502000 5.066088
2.503000 5.068339
2.504000 5.070590
2.505000 5.072842
2.506000 5.075094
2.507000 5.077347
2.508000 5.079600
2.509000 5.081854
2.510000 5.084108
2.511000 5.086363
2.512000 5.088618
2.513000 5.090874
2.514000 5.093131
2.515000 5.095387
2.516000 5.097645
2.517000 5.099902
2.518000 5.102161
2.519000 5.104419
2.520000 5.106679
2.521000 5.108939
2.522000 5.111199
2.523000 5.113460
2.524000 5.115721
2.525000 5.117983
2.526000 5.120245
2.527000 5.122508
2.528000 5.124771
2.529000 5.127035
2.530000 5.129299
2.531000 5.131564
2.532000 5.133829
2.533000 5.136095
2.534000 5.138361
2.535000 5.140628
2.536000 5.142896
2.537000 5.145163
2.538000 5.147432
2.539000 5.149700
2.540000 5.151970
2.541000 5.154239
2.542000 5.156510
2.543000 5.158781
2.544000 5.161052
2.545000 5.163324
2.546000 5.165596
2.547000 5.167869
2.548000 5.170142
2.549000 5.172416
2.550000 5.174690
2.551000 5.176965
2.552000 5.179240
2.553000 5.181516
2.554000 5.183792
2.555000 5.186069
2.556000 5.188346
2.557000 5.190624
2.558000 5.192902
2.559000 5.195181
2.560000 5.197461
2.561000 5.199740
2.562000 5.202021
2.563000 5.204301
2.564000 5.206583
2.565000 5.208865
2.566000 5.211147
2.567000 5.213430
2.568000 5.215713
2.569000 5.217997
2.570000 5.220281
2.571000 5.222566
2.572000 5.224851
2.573000 5.227137
2.574000 5.229423
2.575000 5.231710
2.576000 5.233997
2.577000 5.236285
2.578000 5.238573
2.579000 5.240862
2.580000 5.243151
2.581000 5.245441
2.582000 5.247732
2.583000 5.250022
2.584000 5.252314
2.585000 5.254605
2.586000 5.256898
2.587000 5.259191
2.588000 5.261484
2.589000 5.263778
2.590000 5.266072
2.591000 5.268367
2.592000 5.270662
2.593000 5.272958
2.594000 5.275254
2.595000 5.277551
2.596000 5.279848
2.597000 5.282146
2.598000 5.284444
2.599000 5.286743
2.600000 5.289042
2.601000 5.291342
2.602000 5.293642
2.603000 5.295943
2.604000 5.298244
2.605000 5.300546
2.606000 5.302849
2.607000 5.305151
2.608000 5.307455
2.609000 5.309758
2.610000 5.312063
2.611000 5.314368
2.612000 5.316673
2.613000 5.318979
2.614000 5.321285
2.615000 5.323592
2.616000 5.325899
2.617000 5.328207
2.618000 5.330515
2.619000 5.332824
2.620000 5.335133
2.621000 5.337443
2.622000 5.339753
2.623000 5.342064
2.624000 5.344375
2.625000 5.346687
2.626000 5.348999
2.627000 5.351312
2.628000 5.353625
2.629000 5.355939
2.630000 5.358254
2.631000 5.360568
2.632000 5.362884
2.633000 5.365199
2.634000 5.367516
2.635000 5.369832
2.636000 5.372150
2.637000 5.374468
2.638000 5.376786
2.639000 5.379105
2.640000 5.381424
2.641000 5.383744
2.642000 5.386064
2.643000 5.388385
2.644000 5.390706
2.645000 5.393028
2.646000 5.395350
2.647000 5.397673
2.648000 5.399996
2.649000 5.402320
2.650000 5.404644
2.651000 5.406969
2.652000 5.409294
2.653000 5.411620
2.654000 5.413946
2.655000 5.416273
2.656000 5.418601
2.657000 5.420928
2.658000 5.423257
2.659000 5.425585
2.660000 5.427915
2.661000 5.430245
2.662000 5.432575
2.663000 5.434906
2.664000 5.437237
2.665000 5.439569
2.666000 5.441901
2.667000 5.444234
2.668000 5.446567
2.669000 5.448901
2.670000 5.451235
2.671000 5.453570
2.672000 5.455905
2.673000 5.458241
2.674000 5.460577
2.675000 5.462914
2.676000 5.465251
2.677000 5.467589
2.678000 5.469927
2.679000 5.472266
2.680000 5.474605
2.681000 5.476945
2.682000 5.479286
2.683000 5.481626
2.684000 5.483968
2.685000 5.486309
2.686000 5.488652
2.687000 5.490994
2.688000 5.493338
2.689000 5.495682
2.690000 5.498026
2.691000 5.500371
2.692000 5.502716
2.693000 5.505062
2.694000 5.507408
2.695000 5.509755
2.696000 5.512102
2.697000 5.514450
2.698000 5.516798
2.699000 5.519147
2.700000 5.521496
2.701000 5.523846
2.702000 5.526196
2.703000 5.528547
2.704000 5.530898
2.705000 5.533250
2.706000 5.535602
2.707000 5.537955
2.708000 5.540309
2.709000 5.542662
2.710000 5.545017
2.711000 5.547371
2.712000 5.549727
2.713000 5.552082
2.714000 5.554439
2.715000 5.556796
2.716000 5.559153
2.717000 5.561511
2.718000 5.563869
2.719000 5.566228
2.720000 5.568587
2.721000 5.570947
2.722000 5.573307
2.723000 5.575668
2.724000 5.578029
2.725000 5.580391
2.726000 5.582753
2.727000 5.585116
2.728000 5.587479
2.729000 5.589843
2.730000 5.592207
2.731000 5.594572
2.732000 5.596937
2.733000 5.599303
2.734000 5.601669
2.735000 5.604036
2.736000 5.606403
2.737000 5.608771
2.738000 5.611140
2.739000 5.613508
2.740000 5.615878
2.741000 5.618247
2.742000 5.620618
2.743000 5.622988
2.744000 5.625360
2.745000 5.627732
2.746000 5.630104
2.747000 5.632477
2.748000 5.634850
2.749000 5.637224
2.750000 5.639598
2.751000 5.641973
2.752000 5.644348
2.753000 5.646724
2.754000 5.649100
2.755000 5.651477
2.756000 5.653854
2.757000 5.656232
2.758000 5.658610
2.759000 5.660989
2.760000 5.663368
2.761000 5.665748
2.762000 5.668128
2.763000 5.670509
2.764000 5.672890
2.765000 5.675272
2.766000 5.677655
2.767000 5.680037
2.768000 5.682421
2.769000 5.684804
2.770000 5.687189
2.771000 5.689573
2.772000 5.691959
2.773000 5.694344
2.774000 5.696731
2.775000 5.699118
2.776000 5.701505
2.777000 5.703893
2.778000 5.706281
2.779000 5.708670
2.780000 5.711059
2.781000 5.713449
2.782000 5.715839
2.783000 5.718230
2.784000 5.720621
2.785000 5.723013
2.786000 5.725405
2.787000 5.727798
2.788000 5.730191
2.789000 5.732585
2.790000 5.734979
2.791000 5.737374
2.792000 5.739769
2.793000 5.742165
2.794000 5.744561
2.795000 5.746958
2.796000 5.749355
2.797000 5.751753
2.798000 5.754152
2.799000 5.756550
2.800000 5.758950
2.801000 5.761349
2.802000 5.763750
2.803000 5.766150
2.804000 5.768552
2.805000 5.770954
2.806000 5.773356
2.807000 5.775759
2.808000 5.778162
2.809000 5.780566
2.810000 5.782970
2.811000 5.785375
2.812000 5.787780
2.813000 5.790186
2.814000 5.792592
2.815000 5.794999
2.816000 5.797406
2.817000 5.799814
2.818000 5.802222
2.819000 5.804631
2.820000 5.807040
2.821000 5.809450
2.822000 5.811860
2.823000 5.814271
2.824000 5.816682
2.825000 5.819094
2.826000 5.821506
2.827000 5.823919
2.828000 5.826332
2.829000 5.828746
2.830000 5.831161
2.831000 5.833575
2.832000 5.835991
2.833000 5.838406
2.834000 5.840823
2.835000 5.843239
2.836000 5.845657
2.837000 5.848074
2.838000 5.850493
2.839000 5.852912
2.840000 5.855331
2.841000 5.857751
2.842000 5.860171
2.843000 5.862592
2.844000 5.865013
2.845000 5.867435
2.846000 5.869857
2.847000 5.872280
2.848000 5.874703
2.849000 5.877127
2.850000 5.879551
2.851000 5.881976
2.852000 5.884401
2.853000 5.886827
2.854000 5.889253
2.855000 5.891680
2.856000 5.894107
2.857000 5.896535
2.858000 5.898963
2.859000 5.901392
2.860000 5.903821
2.861000 5.906251
2.862000 5.908681
2.863000 5.911112
2.864000 5.913543
2.865000 5.915975
2.866000 5.918408
2.867000 5.920840
2.868000 5.923274
2.869000 5.925707
2.870000 5.928142
2.871000 5.930576
2.872000 5.933012
2.873000 5.935447
2.874000 5.937884
2.875000 5.940321
2.876000 5.942758
2.877000 5.945196
2.878000 5.947634
2.879000 5.950073
2.880000 5.952512
2.881000 5.954952
2.882000 5.957392
2.883000 5.959833
2.884000 5.962274
2.885000 5.964716
2.886000 5.967158
2.887000 5.969601
2.888000 5.972044
2.889000 5.974488
2.890000 5.976932
2.891000 5.979377
2.892000 5.981822
2.893000 5.984268
2.894000 5.986714
2.895000 5.989161
2.896000 5.991608
2.897000 5.994056
2.898000 5.996504
2.899000 5.998953
2.900000 6.001402
2.901000 6.003852
2.902000 6.006303
2.903000 6.008753
2.904000 6.011205
2.905000 6.013656
2.906000 6.016109
2.907000 6.018561
2.908000 6.021015
2.909000 6.023468
2.910000 6.025923
2.911000 6.028377
2.912000 6.030833
2.913000 6.033289
2.914000 6.035745
2.915000 6.038202
2.916000 6.040659
2.917000 6.043117
2.918000 6.045575
2.919000 6.048034
2.920000 6.050493
2.921000 6.052953
2.922000 6.055413
2.923000 6.057874
2.924000 6.060335
2.925000 6.062797
2.926000 6.065259
2.927000 6.067722
2.928000 6.070185
2.929000 6.072649
2.930000 6.075113
2.931000 6.077578
2.932000 6.080043
2.933000 6.082509
2.934000 6.084975
2.935000 6.087442
2.936000 6.089909
2.937000 6.092377
2.938000 6.094845
2.939000 6.097314
2.940000 6.099783
2.941000 6.102253
2.942000 6.104724
2.943000 6.107194
2.944000 6.109666
2.945000 6.112137
2.946000 6.114610
2.947000 6.117082
2.948000 6.119556
2.949000 6.122029
2.950000 6.124504
2.951000 6.126978
2.952000 6.129454
2.953000 6.131930
2.954000 6.134406
2.955000 6.136883
2.956000 6.139360
2.957000 6.141838
2.958000 6.144316
2.959000 6.146795
2.960000 6.149274
2.961000 6.151754
2.962000 6.154234
2.963000 6.156715
2.964000 6.159196
2.965000 6.161678
2.966000 6.164160
2.967000 6.166643
2.968000 6.169126
2.969000 6.171610
2.970000 6.174094
2.971000 6.176579
2.972000 6.179064
2.973000 6.181550
2.974000 6.184036
2.975000 6.186523
2.976000 6.189010
2.977000 6.191498
2.978000 6.193986
2.979000 6.196475
2.980000 6.198964
2.981000 6.201454
2.982000 6.203944
2.983000 6.206435
2.984000 6.208926
2.985000 6.211418
2.986000 6.213911
2.987000 6.216403
2.988000 6.218897
2.989000 6.221390
2.990000 6.223885
2.991000 6.226379
2.992000 6.228875
2.993000 6.231370
2.994000 6.233867
2.995000 6.236363
2.996000 6.238861
2.997000 6.241358
2.998000 6.243857
2.999000 6.246356
3.000000 6.248855
3.001000 6.251355
3.002000 6.253855
3.003000 6.256356
3.004000 6.258857
3.005000 6.261359
3.006000 6.263861
3.007000 6.266364
3.008000 6.268867
3.009000 6.271371
3.010000 6.273875
3.011000 6.276380
3.012000 6.278885
3.013000 6.281391
3.014000 6.283897
3.015000 6.286404
3.016000 6.288911
3.017000 6.291419
3.018000 6.293927
3.019000 6.296436
3.020000 6.298945
3.021000 6.301455
3.022000 6.303965
3.023000 6.306476
3.024000 6.308987
3.025000 6.311499
3.026000 6.314011
3.027000 6.316524
3.028000 6.319037
3.029000 6.321551
3.030000 6.324065
3.031000 6.326580
3.032000 6.329095
3.033000 6.331611
3.034000 6.334127
3.035000 6.336644
3.036000 6.339162
3.037000 6.341679
3.038000 6.344198
3.039000 6.346716
3.040000 6.349236
3.041000 6.351755
3.042000 6.354276
3.043000 6.356796
3.044000 6.359318
3.045000 6.361839
3.046000 6.364362
3.047000 6.366884
3.048000 6.369408
3.049000 6.371932
3.050000 6.374456
3.051000 6.376981
3.052000 6.379506
3.053000 6.382032
3.054000 6.384558
3.055000 6.387085
3.056000 6.389612
3.057000 6.392140
3.058000 6.394668
3.059000 6.397197
3.060000 6.399726
3.061000 6.402256
3.062000 6.404786
3.063000 6.407317
3.064000 6.409848
3.065000 6.412380
3.066000 6.414912
3.067000 6.417445
3.068000 6.419978
3.069000 6.422512
3.070000 6.425046
3.071000 6.427581
3.072000 6.430116
3.073000 6.432652
3.074000 6.435188
3.075000 6.437725
3.076000 6.440262
3.077000 6.442800
3.078000 6.445338
3.079000 6.447877
3.080000 6.450416
3.081000 6.452956
3.082000 6.455496
3.083000 6.458037
3.084000 6.460578
3.085000 6.463120
3.086000 6.465662
3.087000 6.468205
3.088000 6.470748
3.089000 6.473292
3.090000 6.475836
3.091000 6.478381
3.092000 6.480927
3.093000 6.483472
3.094000 6.486019
3.095000 6.488565
3.096000 6.491113
3.097000 6.493660
3.098000 6.496209
3.099000 6.498757
3.100000 6.501307
3.101000 6.503856
3.102000 6.506407
3.103000 6.508957
3.104000 6.511509
3.105000 6.514060
3.106000 6.516613
3.107000 6.519166
3.108000 6.521719
3.109000 6.524273
3.110000 6.526827
3.111000 6.529382
3.112000 6.531937
3.113000 6.534493
3.114000 6.537049
3.115000 6.539606
3.116000 6.542163
3.117000 6.544721
3.118000 6.547279
3.119000 6.549838
3.120000 6.552397
3.121000 6.554957
3.122000 6.557517
3.123000 6.560078
3.124000 6.562639
3.125000 6.565201
3.126000 6.567763
3.127000 6.570326
3.128000 6.572889
3.129000 6.575453
3.130000 6.578017
3.131000 6.580582
3.132000 6.583147
3.133000 6.585713
3.134000 6.588279
3.135000 6.590846
3.136000 6.593413
3.137000 6.595981
3.138000 6.598549
3.139000 6.601118
3.140000 6.603687
3.141000 6.606257
3.142000 6.608827
3.143000 6.611398
3.144000 6.613969
3.145000 6.616541
3.146000 6.619113
3.147000 6.621686
3.148000 6.624259
3.149000 6.626833
3.150000 6.629407
3.151000 6.631982
3.152000 6.634557
3.153000 6.637133
3.154000 6.639709
3.155000 6.642286
3.156000 6.644863
3.157000 6.647441
3.158000 6.650019
3.159000 6.652598
3.160000 6.655178
3.161000 6.657757
3.162000 6.660338
3.163000 6.662918
3.164000 6.665500
3.165000 6.668081
3.166000 6.670664
3.167000 6.673246
3.168000 6.675830
3.169000 6.678413
3.170000 6.680998
3.171000 6.683582
3.172000 6.686168
3.173000 6.688753
3.174000 6.691340
3.175000 6.693926
3.176000 6.696514
3.177000 6.699101
3.178000 6.701690
3.179000 6.704279
3.180000 6.706868
3.181000 6.709458
3.182000 6.712048
3.183000 6.714639
3.184000 6.717230
3.185000 6.719822
3.186000 6.722414
3.187000 6.725007
3.188000 6.727600
3.189000 6.730194
3.190000 6.732788
3.191000 6.735383
3.192000 6.737978
3.193000 6.740574
3.194000 6.743170
3.195000 6.745767
3.196000 6.748364
3.197000 6.750962
3.198000 6.753560
3.199000 6.756159
3.200000 6.758758
3.201000 6.761358
3.202000 6.763958
3.203000 6.766559
3.204000 6.769160
3.205000 6.771762
3.206000 6.774364
3.207000 6.776967
3.208000 6.779570
3.209000 6.782174
3.210000 6.784778
3.211000 6.787383
3.212000 6.789988
3.213000 6.792594
3.214000 6.795200
3.215000 6.797807
3.216000 6.800414
3.217000 6.803022
3.218000 6.805630
3.219000 6.808239
3.220000 6.810848
3.221000 6.813458
3.222000 6.816068
3.223000 6.818679
3.224000 6.821290
3.225000 6.823902
3.226000 6.826514
3.227000 6.829127
3.228000 6.831740
3.229000 6.834354
3.230000 6.836968
3.231000 6.839583
3.232000 6.842198
3.233000 6.844814
3.234000 6.847430
3.235000 6.850047
3.236000 6.852664
3.237000 6.855282
3.238000 6.857900
3.239000 6.860519
3.240000 6.863138
3.241000 6.865758
3.242000 6.868378
3.243000 6.870999
3.244000 6.873620
3.245000 6.876242
3.246000 6.878864
3.247000 6.881487
3.248000 6.884110
3.249000 6.886734
3.250000 6.889359
3.251000 6.891983
3.252000 6.894609
3.253000 6.897234
3.254000 6.899861
3.255000 6.902487
3.256000 6.905115
3.257000 6.907742
3.258000 6.910371
3.259000 6.912999
3.260000 6.915629
3.261000 6.918258
3.262000 6.920889
3.263000 6.923519
3.264000 6.926151
3.265000 6.928782
3.266000 6.931415
3.267000 6.934047
3.268000 6.936681
3.269000 6.939314
3.270000 6.941949
3.271000 6.944583
3.272000 6.947219
3.273000 6.949854
3.274000 6.952491
3.275000 6.955127
3.276000 6.957765
3.277000 6.960402
3.278000 6.963041
3.279000 6.965679
3.280000 6.968319
3.281000 6.970959
3.282000 6.973599
3.283000 6.976240
3.284000 6.978881
3.285000 6.981523
3.286000 6.984165
3.287000 6.986808
3.288000 6.989451
3.289000 6.992095
3.290000 6.994739
3.291000 6.997384
3.292000 7.000029
3.293000 7.002675
3.294000 7.005321
3.295000 7.007968
3.296000 7.010615
3.297000 7.013263
3.298000 7.015911
3.299000 7.018560
3.300000 7.021209
3.301000 7.023859
3.302000 7.026509
3.303000 7.029160
3.304000 7.031811
3.305000 7.034463
3.306000 7.037115
3.307000 7.039768
3.308000 7.042421
3.309000 7.045075
3.310000 7.047729
3.311000 7.050384
3.312000 7.053039
3.313000 7.055695
3.314000 7.058351
3.315000 7.061008
3.316000 7.063665
3.317000 7.066323
3.318000 7.068981
3.319000 7.071640
3.320000 7.074299
3.321000 7.076959
3.322000 7.079619
3.323000 7.082280
3.324000 7.084941
3.325000 7.087603
3.326000 7.090265
3.327000 7.092928
3.328000 7.095591
3.329000 7.098255
3.330000 7.100919
3.331000 7.103584
3.332000 7.106249
3.333000 7.108915
3.334000 7.111581
3.335000 7.114248
3.336000 7.116915
3.337000 7.119583
3.338000 7.122251
3.339000 7.124920
3.340000 7.127589
3.341000 7.130259
3.342000 7.132929
3.343000 7.135600
3.344000 7.138271
3.345000 7.140943
3.346000 7.143615
3.347000 7.146288
3.348000 7.148961
3.349000 7.151635
3.350000 7.154309
3.351000 7.156984
3.352000 7.159659
3.353000 7.162335
3.354000 7.165011
3.355000 7.167688
3.356000 7.170365
3.357000 7.173043
3.358000 7.175721
3.359000 7.178400
3.360000 7.181079
3.361000 7.183759
3.362000 7.186439
3.363000 7.189120
3.364000 7.191801
3.365000 7.194483
3.366000 7.197165
3.367000 7.199848
3.368000 7.202531
3.369000 7.205215
3.370000 7.207899
3.371000 7.210584
3.372000 7.213269
3.373000 7.215955
3.374000 7.218641
3.375000 7.221328
3.376000 7.224015
3.377000 7.226703
3.378000 7.229391
3.379000 7.232080
3.380000 7.234769
3.381000 7.237459
3.382000 7.240149
3.383000 7.242840
3.384000 7.245531
3.385000 7.248223
3.386000 7.250915
3.387000 7.253608
3.388000 7.256301
3.389000 7.258995
3.390000 7.261689
3.391000 7.264384
3.392000 7.267079
3.393000 7.269775
3.394000 7.272471
3.395000 7.275168
3.396000 7.277865
3.397000 7.280563
3.398000 7.283261
3.399000 7.285960
3.400000 7.288659
3.401000 7.291359
3.402000 7.294059
3.403000 7.296760
3.404000 7.299461
3.405000 7.302163
3.406000 7.304865
3.407000 7.307568
3.408000 7.310271
3.409000 7.312975
3.410000 7.315679
3.411000 7.318384
3.412000 7.321089
3.413000 7.323795
3.414000 7.326501
3.415000 7.329208
3.416000 7.331915
3.417000 7.334623
3.418000 7.337331
3.419000 7.340040
3.420000 7.342749
3.421000 7.345459
3.422000 7.348169
3.423000 7.350880
3.424000 7.353591
3.425000 7.356303
3.426000 7.359015
3.427000 7.361728
3.428000 7.364441
3.429000 7.367155
3.430000 7.369869
3.431000 7.372584
3.432000 7.375299
3.433000 7.378015
3.434000 7.380731
3.435000 7.383448
3.436000 7.386165
3.437000 7.388883
3.438000 7.391601
3.439000 7.394320
3.440000 7.397039
3.441000 7.399759
3.442000 7.402479
3.443000 7.405200
3.444000 7.407921
3.445000 7.410643
3.446000 7.413365
3.447000 7.416088
3.448000 7.418811
3.449000 7.421535
3.450000 7.424259
3.451000 7.426984
3.452000 7.429709
3.453000 7.432435
3.454000 7.435161
3.455000 7.437888
3.456000 7.440615
3.457000 7.443343
3.458000 7.446071
3.459000 7.448800
3.460000 7.451529
3.461000 7.454259
3.462000 7.456989
3.463000 7.459720
3.464000 7.462451
3.465000 7.465183
3.466000 7.467915
3.467000 7.470648
3.468000 7.473381
3.469000 7.476115
3.470000 7.478849
3.471000 7.481584
3.472000 7.484319
3.473000 7.487055
3.474000 7.489791
3.475000 7.492528
3.476000 7.495265
3.477000 7.498003
3.478000 7.500741
3.479000 7.503480
3.480000 7.506219
3.481000 7.508959
3.482000 7.511699
3.483000 7.514440
3.484000 7.517181
3.485000 7.519923
3.486000 7.522665
3.487000 7.525408
3.488000 7.528151
3.489000 7.530895
3.490000 7.533639
3.491000 7.536384
3.492000 7.539129
3.493000 7.541875
3.494000 7.544621
3.495000 7.547368
3.496000 7.550115
3.497000 7.552863
3.498000 7.555611
3.499000 7.558360
3.500000 7.561109
3.501000 7.563859
3.502000 7.566609
3.503000 7.569360
3.504000 7.572111
3.505000 7.574863
3.506000 7.577615
3.507000 7.580368
3.508000 7.583121
3.509000 7.585875
3.510000 7.588629
3.511000 7.591384
3.512000 7.594139
3.513000 7.596895
3.514000 7.599651
3.515000 7.602408
3.516000 7.605165
3.517000 7.607923
3.518000 7.610681
3.519000 7.613440
3.520000 7.616199
3.521000 7.618959
3.522000 7.621719
3.523000 7.624480
3.524000 7.627241
3.525000 7.630003
3.526000 7.632765
3.527000 7.635528
3.528000 7.638291
3.529000 7.641055
3.530000 7.643819
3.531000 7.646584
3.532000 7.649349
3.533000 7.652115
3.534000 7.654881
3.535000 7.657648
3.536000 7.660415
3.537000 7.663183
3.538000 7.665951
3.539000 7.668720
3.540000 7.671489
3.541000 7.674259
3.542000 7.677029
3.543000 7.679800
3.544000 7.682571
3.545000 7.685343
3.546000 7.688115
3.547000 7.690888
3.548000 7.693661
3.549000 7.696435
3.550000 7.699209
3.551000 7.701984
3.552000 7.704759
3.553000 7.707535
3.554000 7.710311
3.555000 7.713088
3.556000 7.715865
3.557000 7.718643
3.558000 7.721421
3.559000 7.724200
3.560000 7.726979
3.561000 7.729759
3.562000 7.732539
3.563000 7.735320
3.564000 7.738101
3.565000 7.740883
3.566000 7.743665
3.567000 7.746448
3.568000 7.749231
3.569000 7.752015
3.570000 7.754799
3.571000 7.757584
3.572000 7.760369
3.573000 7.763155
3.574000 7.765941
3.575000 7.768728
3.576000 7.771515
3.577000 7.774303
3.578000 7.777091
3.579000 7.779880
3.580000 7.782669
3.581000 7.785459
3.582000 7.788249
3.583000 7.791040
3.584000 7.793831
3.585000 7.796623
3.586000 7.799415
3.587000 7.802208
3.588000 7.805001
3.589000 7.807795
3.590000 7.810589
3.591000 7.813384
3.592000 7.816179
3.593000 7.818975
3.594000 7.821771
3.595000 7.824568
3.596000 7.827365
3.597000 7.830162
3.598000 7.832961
3.599000 7.835759
3.600000 7.838559
3.601000 7.841358
3.602000 7.844159
3.603000 7.846959
3.604000 7.849761
3.605000 7.852562
3.606000 7.855365
3.607000 7.858167
3.608000 7.860971
3.609000 7.863774
3.610000 7.866579
3.611000 7.869383
3.612000 7.872189
3.613000 7.874994
3.614000 7.877801
3.615000 7.880607
3.616000 7.883415
3.617000 7.886222
3.618000 7.889031
3.619000 7.891839
3.620000 7.894649
3.621000 7.897458
3.622000 7.900269
3.623000 7.903079
3.624000 7.905891
3.625000 7.908702
3.626000 7.911515
3.627000 7.914327
3.628000 7.917141
3.629000 7.919954
3.630000 7.922768
3.631000 7.925583
3.632000 7.928398
3.633000 7.931214
3.634000 7.934030
3.635000 7.936847
3.636000 7.939664
3.637000 7.942482
3.638000 7.945300
3.639000 7.948119
3.640000 7.950938
3.641000 7.953758
3.642000 7.956578
3.643000 7.959399
3.644000 7.962220
3.645000 7.965042
3.646000 7.967864
3.647000 7.970687
3.648000 7.973510
3.649000 7.976334
3.650000 7.979158
3.651000 7.981983
3.652000 7.984808
3.653000 7.987634
3.654000 7.990460
3.655000 7.993287
3.656000 7.996114
3.657000 7.998942
3.658000 8.001770
3.659000 8.004599
3.660000 8.007428
3.661000 8.010258
3.662000 8.013088
3.663000 8.015919
3.664000 8.018750
3.665000 8.021582
3.666000 8.024414
3.667000 8.027247
3.668000 8.030080
3.669000 8.032914
3.670000 8.035748
3.671000 8.038583
3.672000 8.041418
3.673000 8.044254
3.674000 8.047090
3.675000 8.049927
3.676000 8.052764
3.677000 8.055602
3.678000 8.058440
3.679000 8.061279
3.680000 8.064118
3.681000 8.066958
3.682000 8.069798
3.683000 8.072639
3.684000 8.075480
3.685000 8.078322
3.686000 8.081164
3.687000 8.084007
3.688000 8.086850
3.689000 8.089694
3.690000 8.092538
3.691000 8.095383
3.692000 8.098228
3.693000 8.101074
3.694000 8.103920
3.695000 8.106767
3.696000 8.109614
3.697000 8.112462
3.698000 8.115310
3.699000 8.118159
3.700000 8.121008
3.701000 8.123858
3.702000 8.126708
3.703000 8.129558
3.704000 8.132410
3.705000 8.135261
3.706000 8.138114
3.707000 8.140966
3.708000 8.143820
3.709000 8.146673
3.710000 8.149528
3.711000 8.152382
3.712000 8.155238
3.713000 8.158093
3.714000 8.160950
3.715000 8.163806
3.716000 8.166664
3.717000 8.169521
3.718000 8.172380
3.719000 8.175238
3.720000 8.178098
3.721000 8.180957
3.722000 8.183818
3.723000 8.186678
3.724000 8.189539
3.725000 8.192401
3.726000 8.195263
3.727000 8.198126
3.728000 8.200989
3.729000 8.203853
3.730000 8.206717
3.731000 8.209582
3.732000 8.212447
3.733000 8.215313
3.734000 8.218179
3.735000 8.221046
3.736000 8.223913
3.737000 8.226781
3.738000 8.229649
3.739000 8.232518
3.740000 8.235387
3.741000 8.238257
3.742000 8.241127
3.743000 8.243998
3.744000 8.246869
3.745000 8.249741
3.746000 8.252613
3.747000 8.255486
3.748000 8.258359
3.749000 8.261233
3.750000 8.264107
3.751000 8.266982
3.752000 8.269857
3.753000 8.272733
3.754000 8.275609
3.755000 8.278486
3.756000 8.281363
3.757000 8.284241
3.758000 8.287119
3.759000 8.289998
3.760000 8.292877
3.761000 8.295757
3.762000 8.298637
3.763000 8.301518
3.764000 8.304399
3.765000 8.307281
3.766000 8.310163
3.767000 8.313046
3.768000 8.315929
3.769000 8.318813
3.770000 8.321697
3.771000 8.324582
3.772000 8.327467
3.773000 8.330353
3.774000 8.333239
3.775000 8.336126
3.776000 8.339013
3.777000 8.341900
3.778000 8.344789
3.779000 8.347677
3.780000 8.350567
3.781000 8.353456
3.782000 8.356347
3.783000 8.359237
3.784000 8.362129
3.785000 8.365020
3.786000 8.367913
3.787000 8.370805
3.788000 8.373699
3.789000 8.376592
3.790000 8.379487
3.791000 8.382381
3.792000 8.385277
3.793000 8.388172
3.794000 8.391068
3.795000 8.393965
3.796000 8.396862
3.797000 8.399760
3.798000 8.402658
3.799000 8.405557
3.800000 8.408456
3.801000 8.411356
3.802000 8.414256
3.803000 8.417157
3.804000 8.420058
3.805000 8.422960
3.806000 8.425862
3.807000 8.428765
3.808000 8.431668
3.809000 8.434572
3.810000 8.437476
3.811000 8.440381
3.812000 8.443286
3.813000 8.446192
3.814000 8.449098
3.815000 8.452005
3.816000 8.454912
3.817000 8.457820
3.818000 8.460728
3.819000 8.463637
3.820000 8.466546
3.821000 8.469456
3.822000 8.472366
3.823000 8.475277
3.824000 8.478188
3.825000 8.481100
3.826000 8.484012
3.827000 8.486925
3.828000 8.489838
3.829000 8.492752
3.830000 8.495666
3.831000 8.498581
3.832000 8.501496
3.833000 8.504412
3.834000 8.507328
3.835000 8.510245
3.836000 8.513162
3.837000 8.516079
3.838000 8.518998
3.839000 8.521916
3.840000 8.524836
3.841000 8.527755
3.842000 8.530676
3.843000 8.533596
3.844000 8.536518
3.845000 8.539439
3.846000 8.542362
3.847000 8.545284
3.848000 8.548208
3.849000 8.551131
3.850000 8.554056
3.851000 8.556980
3.852000 8.559905
3.853000 8.562831
3.854000 8.565757
3.855000 8.568684
3.856000 8.571611
3.857000 8.574539
3.858000 8.577467
3.859000 8.580396
3.860000 8.583325
3.861000 8.586255
3.862000 8.589185
3.863000 8.592116
3.864000 8.595047
3.865000 8.597979
3.866000 8.600911
3.867000 8.603844
3.868000 8.606777
3.869000 8.609711
3.870000 8.612645
3.871000 8.615580
3.872000 8.618515
3.873000 8.621451
3.874000 8.624387
3.875000 8.627324
3.876000 8.630261
3.877000 8.633199
3.878000 8.636137
3.879000 8.639076
3.880000 8.642015
3.881000 8.644955
3.882000 8.647895
3.883000 8.650836
3.884000 8.653777
3.885000 8.656719
3.886000 8.659661
3.887000 8.662604
3.888000 8.665547
3.889000 8.668491
3.890000 8.671435
3.891000 8.674379
3.892000 8.677325
3.893000 8.680270
3.894000 8.683217
3.895000 8.686163
3.896000 8.689111
3.897000 8.692058
3.898000 8.695007
3.899000 8.697955
3.900000 8.700905
3.901000 8.703854
3.902000 8.706805
3.903000 8.709755
3.904000 8.712706
3.905000 8.715658
3.906000 8.718610
3.907000 8.721563
3.908000 8.724516
3.909000 8.727470
3.910000 8.730424
3.911000 8.733379
3.912000 8.736334
3.913000 8.739290
3.914000 8.742246
3.915000 8.745203
3.916000 8.748160
3.917000 8.751118
3.918000 8.754076
3.919000 8.757035
3.920000 8.759994
3.921000 8.762954
3.922000 8.765914
3.923000 8.768875
3.924000 8.771836
3.925000 8.774798
3.926000 8.777760
3.927000 8.780723
3.928000 8.783686
3.929000 8.786650
3.930000 8.789614
3.931000 8.792579
3.932000 8.795544
3.933000 8.798510
3.934000 8.801476
3.935000 8.804443
3.936000 8.807410
3.937000 8.810378
3.938000 8.813346
3.939000 8.816314
3.940000 8.819284
3.941000 8.822253
3.942000 8.825224
3.943000 8.828194
3.944000 8.831166
3.945000 8.834137
3.946000 8.837110
3.947000 8.840082
3.948000 8.843056
3.949000 8.846029
3.950000 8.849003
3.951000 8.851978
3.952000 8.854953
3.953000 8.857929
3.954000 8.860905
3.955000 8.863882
3.956000 8.866859
3.957000 8.869837
3.958000 8.872815
3.959000 8.875794
3.960000 8.878773
3.961000 8.881753
3.962000 8.884733
3.963000 8.887714
3.964000 8.890695
3.965000 8.893677
3.966000 8.896659
3.967000 8.899642
3.968000 8.902625
3.969000 8.905609
3.970000 8.908593
3.971000 8.911578
3.972000 8.914563
3.973000 8.917549
3.974000 8.920535
3.975000 8.923522
3.976000 8.926509
3.977000 8.929497
3.978000 8.932485
3.979000 8.935474
3.980000 8.938463
3.981000 8.941453
3.982000 8.944443
3.983000 8.947433
3.984000 8.950425
3.985000 8.953416
3.986000 8.956409
3.987000 8.959401
3.988000 8.962395
3.989000 8.965388
3.990000 8.968383
3.991000 8.971377
3.992000 8.974372
3.993000 8.977368
3.994000 8.980364
3.995000 8.983361
3.996000 8.986358
3.997000 8.989356
3.998000 8.992354
3.999000 8.995353
4.000000 8.998352
4.001000 9.001352
4.002000 9.004352
4.003000 9.007353
4.004000 9.010354
4.005000 9.013356
4.006000 9.016358
4.007000 9.019361
4.008000 9.022364
4.009000 9.025368
4.010000 9.028372
4.011000 9.031377
4.012000 9.034382
4.013000 9.037388
4.014000 9.040394
4.015000 9.043401
4.016000 9.046408
4.017000 9.049416
4.018000 9.052424
4.019000 9.055433
4.020000 9.058442
4.021000 9.061452
4.022000 9.064462
4.023000 9.067472
4.024000 9.070484
4.025000 9.073495
4.026000 9.076508
4.027000 9.079520
4.028000 9.082534
4.029000 9.085547
4.030000 9.088562
4.031000 9.091576
4.032000 9.094591
4.033000 9.097607
4.034000 9.100623
4.035000 9.103640
4.036000 9.106657
4.037000 9.109675
4.038000 9.112693
4.039000 9.115712
4.040000 9.118731
4.041000 9.121751
4.042000 9.124771
4.043000 9.127792
4.044000 9.130813
4.045000 9.133835
4.046000 9.136857
4.047000 9.139880
4.048000 9.142903
4.049000 9.145927
4.050000 9.148951
4.051000 9.151976
4.052000 9.155001
4.053000 9.158027
4.054000 9.161053
4.055000 9.164080
4.056000 9.167107
4.057000 9.170135
4.058000 9.173163
4.059000 9.176192
4.060000 9.179221
4.061000 9.182250
4.062000 9.185281
4.063000 9.188311
4.064000 9.191343
4.065000 9.194374
4.066000 9.197407
4.067000 9.200439
4.068000 9.203473
4.069000 9.206506
4.070000 9.209540
4.071000 9.212575
4.072000 9.215610
4.073000 9.218646
4.074000 9.221682
4.075000 9.224719
4.076000 9.227756
4.077000 9.230794
4.078000 9.233832
4.079000 9.236871
4.080000 9.239910
4.081000 9.242950
4.082000 9.245990
4.083000 9.249031
4.084000 9.252072
4.085000 9.255114
4.086000 9.258156
4.087000 9.261199
4.088000 9.264242
4.089000 9.267286
4.090000 9.270330
4.091000 9.273375
4.092000 9.276420
4.093000 9.279466
4.094000 9.282512
4.095000 9.285559
4.096000 9.288606
4.097000 9.291653
4.098000 9.294702
4.099000 9.297750
4.100000 9.300800
4.101000 9.303849
4.102000 9.306900
4.103000 9.309950
4.104000 9.313002
4.105000 9.316053
4.106000 9.319105
4.107000 9.322158
4.108000 9.325211
4.109000 9.328265
4.110000 9.331319
4.111000 9.334374
4.112000 9.337429
4.113000 9.340485
4.114000 9.343541
4.115000 9.346598
4.116000 9.349655
4.117000 9.352713
4.118000 9.355771
4.119000 9.358830
4.120000 9.361889
4.121000 9.364949
4.122000 9.368009
4.123000 9.371070
4.124000 9.374131
4.125000 9.377193
4.126000 9.380255
4.127000 9.383318
4.128000 9.386381
4.129000 9.389445
4.130000 9.392509
4.131000 9.395573
4.132000 9.398639
4.133000 9.401704
4.134000 9.404771
4.135000 9.407837
4.136000 9.410905
4.137000 9.413972
4.138000 9.417041
4.139000 9.420109
4.140000 9.423178
4.141000 9.426248
4.142000 9.429318
4.143000 9.432389
4.144000 9.435460
4.145000 9.438532
4.146000 9.441604
4.147000 9.444677
4.148000 9.447750
4.149000 9.450824
4.150000 9.453898
4.151000 9.456973
4.152000 9.460048
4.153000 9.463124
4.154000 9.466200
4.155000 9.469277
4.156000 9.472354
4.157000 9.475432
4.158000 9.478510
4.159000 9.481589
4.160000 9.484668
4.161000 9.487748
4.162000 9.490828
4.163000 9.493908
4.164000 9.496990
4.165000 9.500071
4.166000 9.503154
4.167000 9.506236
4.168000 9.509320
4.169000 9.512403
4.170000 9.515488
4.171000 9.518572
4.172000 9.521657
4.173000 9.524743
4.174000 9.527829
4.175000 9.530916
4.176000 9.534003
4.177000 9.537091
4.178000 9.540179
4.179000 9.543268
4.180000 9.546357
4.181000 9.549447
4.182000 9.552537
4.183000 9.555628
4.184000 9.558719
4.185000 9.561811
4.186000 9.564903
4.187000 9.567996
4.188000 9.571089
4.189000 9.574183
4.190000 9.577277
4.191000 9.580372
4.192000 9.583467
4.193000 9.586563
4.194000 9.589659
4.195000 9.592755
4.196000 9.595853
4.197000 9.598950
4.198000 9.602049
4.199000 9.605147
4.200000 9.608247
4.201000 9.611346
4.202000 9.614446
4.203000 9.617547
4.204000 9.620648
4.205000 9.623750
4.206000 9.626852
4.207000 9.629955
4.208000 9.633058
4.209000 9.636162
4.210000 9.639266
4.211000 9.642371
4.212000 9.645476
4.213000 9.648582
4.214000 9.651688
4.215000 9.654795
4.216000 9.657902
4.217000 9.661010
4.218000 9.664118
4.219000 9.667227
4.220000 9.670336
4.221000 9.673446
4.222000 9.676556
4.223000 9.679667
4.224000 9.682778
4.225000 9.685889
4.226000 9.689002
4.227000 9.692114
4.228000 9.695228
4.229000 9.698341
4.230000 9.701456
4.231000 9.704570
4.232000 9.707685
4.233000 9.710801
4.234000 9.713917
4.235000 9.717034
4.236000 9.720151
4.237000 9.723269
4.238000 9.726387
4.239000 9.729506
4.240000 9.732625
4.241000 9.735745
4.242000 9.738865
4.243000 9.741986
4.244000 9.745107
4.245000 9.748229
4.246000 9.751351
4.247000 9.754474
4.248000 9.757597
4.249000 9.760721
4.250000 9.763845
4.251000 9.766970
4.252000 9.770095
4.253000 9.773221
4.254000 9.776347
4.255000 9.779473
4.256000 9.782601
4.257000 9.785728
4.258000 9.788857
4.259000 9.791985
4.260000 9.795115
4.261000 9.798244
4.262000 9.801374
4.263000 9.804505
4.264000 9.807636
4.265000 9.810768
4.266000 9.813900
4.267000 9.817033
4.268000 9.820166
4.269000 9.823300
4.270000 9.826434
4.271000 9.829569
4.272000 9.832704
4.273000 9.835840
4.274000 9.838976
4.275000 9.842113
4.276000 9.845250
4.277000 9.848388
4.278000 9.851526
4.279000 9.854665
4.280000 9.857804
4.281000 9.860944
4.282000 9.864084
4.283000 9.867224
4.284000 9.870366
4.285000 9.873507
4.286000 9.876650
4.287000 9.879792
4.288000 9.882936
4.289000 9.886079
4.290000 9.889223
4.291000 9.892368
4.292000 9.895513
4.293000 9.898659
4.294000 9.901805
4.295000 9.904952
4.296000 9.908099
4.297000 9.911247
4.298000 9.914395
4.299000 9.917544
4.300000 9.920693
4.301000 9.923843
4.302000 9.926993
4.303000 9.930144
4.304000 9.933295
4.305000 9.936447
4.306000 9.939599
4.307000 9.942752
4.308000 9.945905
4.309000 9.949058
4.310000 9.952213
4.311000 9.955367
4.312000 9.958523
4.313000 9.961678
4.314000 9.964835
4.315000 9.967991
4.316000 9.971148
4.317000 9.974306
4.318000 9.977464
4.319000 9.980623
4.320000 9.983782
4.321000 9.986942
4.322000 9.990102
4.323000 9.993263
4.324000 9.996424
4.325000 9.999586
4.326000 10.002748
4.327000 10.005911
4.328000 10.009074
4.329000 10.012238
4.330000 10.015402
4.331000 10.018567
4.332000 10.021732
4.333000 10.024898
4.334000 10.028064
4.335000 10.031231
4.336000 10.034398
4.337000 10.037565
4.338000 10.040734
4.339000 10.043902
4.340000 10.047072
4.341000 10.050241
4.342000 10.053411
4.343000 10.056582
4.344000 10.059753
4.345000 10.062925
4.346000 10.066097
4.347000 10.069270
4.348000 10.072443
4.349000 10.075617
4.350000 10.078791
4.351000 10.081966
4.352000 10.085141
4.353000 10.088317
4.354000 10.091493
4.355000 10.094670
4.356000 10.097847
4.357000 10.101025
4.358000 10.104203
4.359000 10.107382
4.360000 10.110561
4.361000 10.113740
4.362000 10.116921
4.363000 10.120101
4.364000 10.123283
4.365000 10.126464
4.366000 10.129647
4.367000 10.132829
4.368000 10.136012
4.369000 10.139196
4.370000 10.142380
4.371000 10.145565
4.372000 10.148750
4.373000 10.151936
4.374000 10.155122
4.375000 10.158309
4.376000 10.161496
4.377000 10.164684
4.378000 10.167872
4.379000 10.171061
4.380000 10.174250
4.381000 10.177440
4.382000 10.180630
4.383000 10.183821
4.384000 10.187012
4.385000 10.190204
4.386000 10.193396
4.387000 10.196588
4.388000 10.199782
4.389000 10.202975
4.390000 10.206170
4.391000 10.209364
4.392000 10.212560
4.393000 10.215755
4.394000 10.218951
4.395000 10.222148
4.396000 10.225345
4.397000 10.228543
4.398000 10.231741
4.399000 10.234940
4.400000 10.238139
4.401000 10.241339
4.402000 10.244539
4.403000 10.247740
4.404000 10.250941
4.405000 10.254143
4.406000 10.257345
4.407000 10.260548
4.408000 10.263751
4.409000 10.266955
4.410000 10.270159
4.411000 10.273363
4.412000 10.276569
4.413000 10.279774
4.414000 10.282981
4.415000 10.286187
4.416000 10.289395
4.417000 10.292602
4.418000 10.295810
4.419000 10.299019
4.420000 10.302228
4.421000 10.305438
4.422000 10.308648
4.423000 10.311859
4.424000 10.315070
4.425000 10.318282
4.426000 10.321494
4.427000 10.324707
4.428000 10.327920
4.429000 10.331134
4.430000 10.334348
4.431000 10.337563
4.432000 10.340778
4.433000 10.343994
4.434000 10.347210
4.435000 10.350426
4.436000 10.353644
4.437000 10.356861
4.438000 10.360080
4.439000 10.363298
4.440000 10.366518
4.441000 10.369737
4.442000 10.372957
4.443000 10.376178
4.444000 10.379399
4.445000 10.382621
4.446000 10.385843
4.447000 10.389066
4.448000 10.392289
4.449000 10.395513
4.450000 10.398737
4.451000 10.401962
4.452000 10.405187
4.453000 10.408413
4.454000 10.411639
4.455000 10.414866
4.456000 10.418093
4.457000 10.421321
4.458000 10.424549
4.459000 10.427777
4.460000 10.431007
4.461000 10.434236
4.462000 10.437467
4.463000 10.440697
4.464000 10.443929
4.465000 10.447160
4.466000 10.450392
4.467000 10.453625
4.468000 10.456858
4.469000 10.460092
4.470000 10.463326
4.471000 10.466561
4.472000 10.469796
4.473000 10.473032
4.474000 10.476268
4.475000 10.479505
4.476000 10.482742
4.477000 10.485980
4.478000 10.489218
4.479000 10.492457
4.480000 10.495696
4.481000 10.498936
4.482000 10.502176
4.483000 10.505416
4.484000 10.508658
4.485000 10.511899
4.486000 10.515142
4.487000 10.518384
4.488000 10.521627
4.489000 10.524871
4.490000 10.528115
4.491000 10.531360
4.492000 10.534605
4.493000 10.537851
4.494000 10.541097
4.495000 10.544344
4.496000 10.547591
4.497000 10.550839
4.498000 10.554087
4.499000 10.557336
4.500000 10.560585
4.501000 10.563835
4.502000 10.567085
4.503000 10.570336
4.504000 10.573587
4.505000 10.576838
4.506000 10.580091
4.507000 10.583343
4.508000 10.586597
4.509000 10.589850
4.510000 10.593104
4.511000 10.596359
4.512000 10.599614
4.513000 10.602870
4.514000 10.606126
4.515000 10.609383
4.516000 10.612640
4.517000 10.615898
4.518000 10.619156
4.519000 10.622415
4.520000 10.625674
4.521000 10.628934
4.522000 10.632194
4.523000 10.635455
4.524000 10.638716
4.525000 10.641978
4.526000 10.645240
4.527000 10.648502
4.528000 10.651766
4.529000 10.655029
4.530000 10.658294
4.531000 10.661558
4.532000 10.664823
4.533000 10.668089
4.534000 10.671355
4.535000 10.674622
4.536000 10.677889
4.537000 10.681157
4.538000 10.684425
4.539000 10.687694
4.540000 10.690963
4.541000 10.694233
4.542000 10.697503
4.543000 10.700774
4.544000 10.704045
4.545000 10.707317
4.546000 10.710589
4.547000 10.713862
4.548000 10.717135
4.549000 10.720408
4.550000 10.723683
4.551000 10.726957
4.552000 10.730233
4.553000 10.733508
4.554000 10.736784
4.555000 10.740061
4.556000 10.743338
4.557000 10.746616
4.558000 10.749894
4.559000 10.753173
4.560000 10.756452
4.561000 10.759732
4.562000 10.763012
4.563000 10.766293
4.564000 10.769574
4.565000 10.772856
4.566000 10.776138
4.567000 10.779421
4.568000 10.782704
4.569000 10.785987
4.570000 10.789272
4.571000 10.792556
4.572000 10.795842
4.573000 10.799127
4.574000 10.802414
4.575000 10.805700
4.576000 10.808987
4.577000 10.812275
4.578000 10.815563
4.579000 10.818852
4.580000 10.822141
4.581000 10.825431
4.582000 10.828721
4.583000 10.832012
4.584000 10.835303
4.585000 10.838595
4.586000 10.841887
4.587000 10.845180
4.588000 10.848473
4.589000 10.851767
4.590000 10.855061
4.591000 10.858355
4.592000 10.861651
4.593000 10.864946
4.594000 10.868243
4.595000 10.871539
4.596000 10.874836
4.597000 10.878134
4.598000 10.881432
4.599000 10.884731
4.600000 10.888030
4.601000 10.891330
4.602000 10.894630
4.603000 10.897931
4.604000 10.901232
4.605000 10.904534
4.606000 10.907836
4.607000 10.911139
4.608000 10.914442
4.609000 10.917746
4.610000 10.921050
4.611000 10.924354
4.612000 10.927660
4.613000 10.930965
4.614000 10.934272
4.615000 10.937578
4.616000 10.940885
4.617000 10.944193
4.618000 10.947501
4.619000 10.950810
4.620000 10.954119
4.621000 10.957429
4.622000 10.960739
4.623000 10.964050
4.624000 10.967361
4.625000 10.970673
4.626000 10.973985
4.627000 10.977298
4.628000 10.980611
4.629000 10.983925
4.630000 10.987239
4.631000 10.990553
4.632000 10.993869
4.633000 10.997184
4.634000 11.000501
4.635000 11.003817
4.636000 11.007134
4.637000 11.010452
4.638000 11.013770
4.639000 11.017089
4.640000 11.020408
4.641000 11.023728
4.642000 11.027048
4.643000 11.030369
4.644000 11.033690
4.645000 11.037012
4.646000 11.040334
4.647000 11.043657
4.648000 11.046980
4.649000 11.050304
4.650000 11.053628
4.651000 11.056952
4.652000 11.060278
4.653000 11.063603
4.654000 11.066930
4.655000 11.070256
4.656000 11.073583
4.657000 11.076911
4.658000 11.080239
4.659000 11.083568
4.660000 11.086897
4.661000 11.090227
4.662000 11.093557
4.663000 11.096888
4.664000 11.100219
4.665000 11.103551
4.666000 11.106883
4.667000 11.110216
4.668000 11.113549
4.669000 11.116883
4.670000 11.120217
4.671000 11.123551
4.672000 11.126887
4.673000 11.130222
4.674000 11.133559
4.675000 11.136895
4.676000 11.140232
4.677000 11.143570
4.678000 11.146908
4.679000 11.150247
4.680000 11.153586
4.681000 11.156926
4.682000 11.160266
4.683000 11.163607
4.684000 11.166948
4.685000 11.170290
4.686000 11.173632
4.687000 11.176975
4.688000 11.180318
4.689000 11.183662
4.690000 11.187006
4.691000 11.190350
4.692000 11.193696
4.693000 11.197041
4.694000 11.200388
4.695000 11.203734
4.696000 11.207081
4.697000 11.210429
4.698000 11.213777
4.699000 11.217126
4.700000 11.220475
4.701000 11.223825
4.702000 11.227175
4.703000 11.230526
4.704000 11.233877
4.705000 11.237229
4.706000 11.240581
4.707000 11.243934
4.708000 11.247287
4.709000 11.250641
4.710000 11.253995
4.711000 11.257349
4.712000 11.260705
4.713000 11.264060
4.714000 11.267416
4.715000 11.270773
4.716000 11.274130
4.717000 11.277488
4.718000 11.280846
4.719000 11.284205
4.720000 11.287564
4.721000 11.290924
4.722000 11.294284
4.723000 11.297645
4.724000 11.301006
4.725000 11.304368
4.726000 11.307730
4.727000 11.311093
4.728000 11.314456
4.729000 11.317819
4.730000 11.321184
4.731000 11.324548
4.732000 11.327914
4.733000 11.331279
4.734000 11.334645
4.735000 11.338012
4.736000 11.341379
4.737000 11.344747
4.738000 11.348115
4.739000 11.351484
4.740000 11.354853
4.741000 11.358223
4.742000 11.361593
4.743000 11.364964
4.744000 11.368335
4.745000 11.371707
4.746000 11.375079
4.747000 11.378451
4.748000 11.381825
4.749000 11.385198
4.750000 11.388573
4.751000 11.391947
4.752000 11.395322
4.753000 11.398698
4.754000 11.402074
4.755000 11.405451
4.756000 11.408828
4.757000 11.412206
4.758000 11.415584
4.759000 11.418963
4.760000 11.422342
4.761000 11.425722
4.762000 11.429102
4.763000 11.432483
4.764000 11.435864
4.765000 11.439246
4.766000 11.442628
4.767000 11.446010
4.768000 11.449394
4.769000 11.452777
4.770000 11.456161
4.771000 11.459546
4.772000 11.462931
4.773000 11.466317
4.774000 11.469703
4.775000 11.473090
4.776000 11.476477
4.777000 11.479865
4.778000 11.483253
4.779000 11.486642
4.780000 11.490031
4.781000 11.493421
4.782000 11.496811
4.783000 11.500202
4.784000 11.503593
4.785000 11.506984
4.786000 11.510377
4.787000 11.513769
4.788000 11.517162
4.789000 11.520556
4.790000 11.523950
4.791000 11.527345
4.792000 11.530740
4.793000 11.534136
4.794000 11.537532
4.795000 11.540929
4.796000 11.544326
4.797000 11.547724
4.798000 11.551122
4.799000 11.554521
4.800000 11.557920
4.801000 11.561320
4.802000 11.564720
4.803000 11.568120
4.804000 11.571522
4.805000 11.574923
4.806000 11.578325
4.807000 11.581728
4.808000 11.585131
4.809000 11.588535
4.810000 11.591939
4.811000 11.595344
4.812000 11.598749
4.813000 11.602155
4.814000 11.605561
4.815000 11.608968
4.816000 11.612375
4.817000 11.615783
4.818000 11.619191
4.819000 11.622600
4.820000 11.626009
4.821000 11.629418
4.822000 11.632829
4.823000 11.636239
4.824000 11.639650
4.825000 11.643062
4.826000 11.646474
4.827000 11.649887
4.828000 11.653300
4.829000 11.656714
4.830000 11.660128
4.831000 11.663543
4.832000 11.666958
4.833000 11.670374
4.834000 11.673790
4.835000 11.677207
4.836000 11.680624
4.837000 11.684041
4.838000 11.687460
4.839000 11.690878
4.840000 11.694298
4.841000 11.697717
4.842000 11.701137
4.843000 11.704558
4.844000 11.707979
4.845000 11.711401
4.846000 11.714823
4.847000 11.718246
4.848000 11.721669
4.849000 11.725093
4.850000 11.728517
4.851000 11.731942
4.852000 11.735367
4.853000 11.738793
4.854000 11.742219
4.855000 11.745645
4.856000 11.749073
4.857000 11.752500
4.858000 11.755929
4.859000 11.759357
4.860000 11.762786
4.861000 11.766216
4.862000 11.769646
4.863000 11.773077
4.864000 11.776508
4.865000 11.779940
4.866000 11.783372
4.867000 11.786805
4.868000 11.790238
4.869000 11.793672
4.870000 11.797106
4.871000 11.800541
4.872000 11.803976
4.873000 11.807411
4.874000 11.810848
4.875000 11.814284
4.876000 11.817721
4.877000 11.821159
4.878000 11.824597
4.879000 11.828036
4.880000 11.831475
4.881000 11.834915
4.882000 11.838355
4.883000 11.841796
4.884000 11.845237
4.885000 11.848679
4.886000 11.852121
4.887000 11.855564
4.888000 11.859007
4.889000 11.862450
4.890000 11.865895
4.891000 11.869339
4.892000 11.872785
4.893000 11.876230
4.894000 11.879676
4.895000 11.883123
4.896000 11.886570
4.897000 11.890018
4.898000 11.893466
4.899000 11.896915
4.900000 11.900364
4.901000 11.903814
4.902000 11.907264
4.903000 11.910715
4.904000 11.914166
4.905000 11.917618
4.906000 11.921070
4.907000 11.924522
4.908000 11.927976
4.909000 11.931429
4.910000 11.934883
4.911000 11.938338
4.912000 11.941793
4.913000 11.945249
4.914000 11.948705
4.915000 11.952162
4.916000 11.955619
4.917000 11.959077
4.918000 11.962535
4.919000 11.965994
4.920000 11.969453
4.921000 11.972913
4.922000 11.976373
4.923000 11.979833
4.924000 11.983295
4.925000 11.986756
4.926000 11.990218
4.927000 11.993681
4.928000 11.997144
4.929000 12.000608
4.930000 12.004072
4.931000 12.007537
4.932000 12.011002
4.933000 12.014468
4.934000 12.017934
4.935000 12.021401
4.936000 12.024868
4.937000 12.028336
4.938000 12.031804
4.939000 12.035272
4.940000 12.038742
4.941000 12.042211
4.942000 12.045682
4.943000 12.049152
4.944000 12.052623
4.945000 12.056095
4.946000 12.059567
4.947000 12.063040
4.948000 12.066513
4.949000 12.069987
4.950000 12.073461
4.951000 12.076936
4.952000 12.080411
4.953000 12.083887
4.954000 12.087363
4.955000 12.090839
4.956000 12.094317
4.957000 12.097794
4.958000 12.101273
4.959000 12.104751
4.960000 12.108230
4.961000 12.111710
4.962000 12.115190
4.963000 12.118671
4.964000 12.122152
4.965000 12.125634
4.966000 12.129116
4.967000 12.132599
4.968000 12.136082
4.969000 12.139566
4.970000 12.143050
4.971000 12.146534
4.972000 12.150020
4.973000 12.153505
4.974000 12.156992
4.975000 12.160478
4.976000 12.163965
4.977000 12.167453
4.978000 12.170941
4.979000 12.174430
4.980000 12.177919
4.981000 12.181409
4.982000 12.184899
4.983000 12.188390
4.984000 12.191881
4.985000 12.195373
4.986000 12.198865
4.987000 12.202357
4.988000 12.205851
4.989000 12.209344
4.990000 12.212839
4.991000 12.216333
4.992000 12.219828
4.993000 12.223324
4.994000 12.226820
4.995000 12.230317
4.996000 12.233814
4.997000 12.237312
4.998000 12.240810
4.999000 12.244309
5.000000 12.247808
5.001000 12.251308
5.002000 12.254808
5.003000 12.258308
5.004000 12.261810
5.005000 12.265311
5.006000 12.268814
5.007000 12.272316
5.008000 12.275819
5.009000 12.279323
5.010000 12.282827
5.011000 12.286332
5.012000 12.289837
5.013000 12.293343
5.014000 12.296849
5.015000 12.300356
5.016000 12.303863
5.017000 12.307371
5.018000 12.310879
5.019000 12.314387
5.020000 12.317897
5.021000 12.321406
5.022000 12.324917
5.023000 12.328427
5.024000 12.331938
5.025000 12.335450
5.026000 12.338962
5.027000 12.342475
5.028000 12.345988
5.029000 12.349502
5.030000 12.353016
5.031000 12.356531
5.032000 12.360046
5.033000 12.363562
5.034000 12.367078
5.035000 12.370594
5.036000 12.374112
5.037000 12.377629
5.038000 12.381147
5.039000 12.384666
5.040000 12.388185
5.041000 12.391705
5.042000 12.395225
5.043000 12.398746
5.044000 12.402267
5.045000 12.405789
5.046000 12.409311
5.047000 12.412834
5.048000 12.416357
5.049000 12.419881
5.050000 12.423405
5.051000 12.426929
5.052000 12.430455
5.053000 12.433980
5.054000 12.437506
5.055000 12.441033
5.056000 12.444560
5.057000 12.448088
5.058000 12.451616
5.059000 12.455145
5.060000 12.458674
5.061000 12.462204
5.062000 12.465734
5.063000 12.469265
5.064000 12.472796
5.065000 12.476327
5.066000 12.479860
5.067000 12.483392
5.068000 12.486926
5.069000 12.490459
5.070000 12.493993
5.071000 12.497528
5.072000 12.501063
5.073000 12.504599
5.074000 12.508135
5.075000 12.511672
5.076000 12.515209
5.077000 12.518747
5.078000 12.522285
5.079000 12.525824
5.080000 12.529363
5.081000 12.532902
5.082000 12.536443
5.083000 12.539983
5.084000 12.543524
5.085000 12.547066
5.086000 12.550608
5.087000 12.554151
5.088000 12.557694
5.089000 12.561238
5.090000 12.564782
5.091000 12.568327
5.092000 12.571872
5.093000 12.575418
5.094000 12.578964
5.095000 12.582511
5.096000 12.586058
5.097000 12.589605
5.098000 12.593154
5.099000 12.596702
5.100000 12.600251
5.101000 12.603801
5.102000 12.607351
5.103000 12.610902
5.104000 12.614453
5.105000 12.618005
5.106000 12.621557
5.107000 12.625110
5.108000 12.628663
5.109000 12.632217
5.110000 12.635771
5.111000 12.639325
5.112000 12.642881
5.113000 12.646436
5.114000 12.649992
5.115000 12.653549
5.116000 12.657106
5.117000 12.660664
5.118000 12.664222
5.119000 12.667781
5.120000 12.671340
5.121000 12.674900
5.122000 12.678460
5.123000 12.682021
5.124000 12.685582
5.125000 12.689143
5.126000 12.692706
5.127000 12.696268
5.128000 12.699832
5.129000 12.703395
5.130000 12.706959
5.131000 12.710524
5.132000 12.714089
5.133000 12.717655
5.134000 12.721221
5.135000 12.724788
5.136000 12.728355
5.137000 12.731923
5.138000 12.735491
5.139000 12.739060
5.140000 12.742629
5.141000 12.746198
5.142000 12.749769
5.143000 12.753339
5.144000 12.756910
5.145000 12.760482
5.146000 12.764054
5.147000 12.767627
5.148000 12.771200
5.149000 12.774774
5.150000 12.778348
5.151000 12.781923
5.152000 12.785498
5.153000 12.789074
5.154000 12.792650
5.155000 12.796226
5.156000 12.799804
5.157000 12.803381
5.158000 12.806959
5.159000 12.810538
5.160000 12.814117
5.161000 12.817697
5.162000 12.821277
5.163000 12.824858
5.164000 12.828439
5.165000 12.832021
5.166000 12.835603
5.167000 12.839186
5.168000 12.842769
5.169000 12.846352
5.170000 12.849937
5.171000 12.853521
5.172000 12.857107
5.173000 12.860692
5.174000 12.864278
5.175000 12.867865
5.176000 12.871452
5.177000 12.875040
5.178000 12.878628
5.179000 12.882217
5.180000 12.885806
5.181000 12.889396
5.182000 12.892986
5.183000 12.896577
5.184000 12.900168
5.185000 12.903759
5.186000 12.907352
5.187000 12.910944
5.188000 12.914537
5.189000 12.918131
5.190000 12.921725
5.191000 12.925320
5.192000 12.928915
5.193000 12.932511
5.194000 12.936107
5.195000 12.939704
5.196000 12.943301
5.197000 12.946899
5.198000 12.950497
5.199000 12.954095
5.200000 12.957695
5.201000 12.961294
5.202000 12.964894
5.203000 12.968495
5.204000 12.972096
5.205000 12.975698
5.206000 12.979300
5.207000 12.982903
5.208000 12.986506
5.209000 12.990110
5.210000 12.993714
5.211000 12.997319
5.212000 13.000924
5.213000 13.004529
5.214000 13.008136
5.215000 13.011742
5.216000 13.015349
5.217000 13.018957
5.218000 13.022565
5.219000 13.026174
5.220000 13.029783
5.221000 13.033393
5.222000 13.037003
5.223000 13.040614
5.224000 13.044225
5.225000 13.047837
5.226000 13.051449
5.227000 13.055061
5.228000 13.058675
5.229000 13.062288
5.230000 13.065902
5.231000 13.069517
5.232000 13.073132
5.233000 13.076748
5.234000 13.080364
5.235000 13.083981
5.236000 13.087598
5.237000 13.091216
5.238000 13.094834
5.239000 13.098453
5.240000 13.102072
5.241000 13.105691
5.242000 13.109312
5.243000 13.112932
5.244000 13.116553
5.245000 13.120175
5.246000 13.123797
5.247000 13.127420
5.248000 13.131043
5.249000 13.134667
5.250000 13.138291
5.251000 13.141916
5.252000 13.145541
5.253000 13.149167
5.254000 13.152793
5.255000 13.156419
5.256000 13.160047
5.257000 13.163674
5.258000 13.167302
5.259000 13.170931
5.260000 13.174560
5.261000 13.178190
5.262000 13.181820
5.263000 13.185451
5.264000 13.189082
5.265000 13.192714
5.266000 13.196346
5.267000 13.199979
5.268000 13.203612
5.269000 13.207245
5.270000 13.210880
5.271000 13.214514
5.272000 13.218149
5.273000 13.221785
5.274000 13.225421
5.275000 13.229058
5.276000 13.232695
5.277000 13.236333
5.278000 13.239971
5.279000 13.243610
5.280000 13.247249
5.281000 13.250889
5.282000 13.254529
5.283000 13.258169
5.284000 13.261811
5.285000 13.265452
5.286000 13.269094
5.287000 13.272737
5.288000 13.276380
5.289000 13.280024
5.290000 13.283668
5.291000 13.287313
5.292000 13.290958
5.293000 13.294604
5.294000 13.298250
5.295000 13.301897
5.296000 13.305544
5.297000 13.309191
5.298000 13.312840
5.299000 13.316488
5.300000 13.320137
5.301000 13.323787
5.302000 13.327437
5.303000 13.331088
5.304000 13.334739
5.305000 13.338391
5.306000 13.342043
5.307000 13.345696
5.308000 13.349349
5.309000 13.353002
5.310000 13.356657
5.311000 13.360311
5.312000 13.363967
5.313000 13.367622
5.314000 13.371278
5.315000 13.374935
5.316000 13.378592
5.317000 13.382250
5.318000 13.385908
5.319000 13.389567
5.320000 13.393226
5.321000 13.396886
5.322000 13.400546
5.323000 13.404206
5.324000 13.407868
5.325000 13.411529
5.326000 13.415191
5.327000 13.418854
5.328000 13.422517
5.329000 13.426181
5.330000 13.429845
5.331000 13.433510
5.332000 13.437175
5.333000 13.440841
5.334000 13.444507
5.335000 13.448174
5.336000 13.451841
5.337000 13.455508
5.338000 13.459177
5.339000 13.462845
5.340000 13.466514
5.341000 13.470184
5.342000 13.473854
5.343000 13.477525
5.344000 13.481196
5.345000 13.484868
5.346000 13.488540
5.347000 13.492213
5.348000 13.495886
5.349000 13.499559
5.350000 13.503234
5.351000 13.506908
5.352000 13.510584
5.353000 13.514259
5.354000 13.517935
5.355000 13.521612
5.356000 13.525289
5.357000 13.528967
5.358000 13.532645
5.359000 13.536324
5.360000 13.540003
5.361000 13.543683
5.362000 13.547363
5.363000 13.551043
5.364000 13.554725
5.365000 13.558406
5.366000 13.562088
5.367000 13.565771
5.368000 13.569454
5.369000 13.573138
5.370000 13.576822
5.371000 13.580507
5.372000 13.584192
5.373000 13.587878
5.374000 13.591564
5.375000 13.595251
5.376000 13.598938
5.377000 13.602625
5.378000 13.606314
5.379000 13.610002
5.380000 13.613691
5.381000 13.617381
5.382000 13.621071
5.383000 13.624762
5.384000 13.628453
5.385000 13.632145
5.386000 13.635837
5.387000 13.639530
5.388000 13.643223
5.389000 13.646916
5.390000 13.650611
5.391000 13.654305
5.392000 13.658000
5.393000 13.661696
5.394000 13.665392
5.395000 13.669089
5.396000 13.672786
5.397000 13.676484
5.398000 13.680182
5.399000 13.683881
5.400000 13.687580
5.401000 13.691280
5.402000 13.694980
5.403000 13.698680
5.404000 13.702382
5.405000 13.706083
5.406000 13.709785
5.407000 13.713488
5.408000 13.717191
5.409000 13.720895
5.410000 13.724599
5.411000 13.728304
5.412000 13.732009
5.413000 13.735715
5.414000 13.739421
5.415000 13.743127
5.416000 13.746835
5.417000 13.750542
5.418000 13.754250
5.419000 13.757959
5.420000 13.761668
5.421000 13.765378
5.422000 13.769088
5.423000 13.772799
5.424000 13.776510
5.425000 13.780222
5.426000 13.783934
5.427000 13.787647
5.428000 13.791360
5.429000 13.795073
5.430000 13.798788
5.431000 13.802502
5.432000 13.806217
5.433000 13.809933
5.434000 13.813649
5.435000 13.817366
5.436000 13.821083
5.437000 13.824801
5.438000 13.828519
5.439000 13.832238
5.440000 13.835957
5.441000 13.839676
5.442000 13.843397
5.443000 13.847117
5.444000 13.850838
5.445000 13.854560
5.446000 13.858282
5.447000 13.862005
5.448000 13.865728
5.449000 13.869452
5.450000 13.873176
5.451000 13.876901
5.452000 13.880626
5.453000 13.884351
5.454000 13.888078
5.455000 13.891804
5.456000 13.895531
5.457000 13.899259
5.458000 13.902987
5.459000 13.906716
5.460000 13.910445
5.461000 13.914175
5.462000 13.917905
5.463000 13.921636
5.464000 13.925367
5.465000 13.929099
5.466000 13.932831
5.467000 13.936563
5.468000 13.940297
5.469000 13.944030
5.470000 13.947764
5.471000 13.951499
5.472000 13.955234
5.473000 13.958970
5.474000 13.962706
5.475000 13.966443
5.476000 13.970180
5.477000 13.973918
5.478000 13.977656
5.479000 13.981394
5.480000 13.985134
5.481000 13.988873
5.482000 13.992613
5.483000 13.996354
5.484000 14.000095
5.485000 14.003837
5.486000 14.007579
5.487000 14.011322
5.488000 14.015065
5.489000 14.018809
5.490000 14.022553
5.491000 14.026297
5.492000 14.030043
5.493000 14.033788
5.494000 14.037534
5.495000 14.041281
5.496000 14.045028
5.497000 14.048776
5.498000 14.052524
5.499000 14.056273
5.500000 14.060022
5.501000 14.063772
5.502000 14.067522
5.503000 14.071272
5.504000 14.075024
5.505000 14.078775
5.506000 14.082527
5.507000 14.086280
5.508000 14.090033
5.509000 14.093787
5.510000 14.097541
5.511000 14.101296
5.512000 14.105051
5.513000 14.108807
5.514000 14.112563
5.515000 14.116320
5.516000 14.120077
5.517000 14.123834
5.518000 14.127593
5.519000 14.131351
5.520000 14.135110
5.521000 14.138870
5.522000 14.142630
5.523000 14.146391
5.524000 14.150152
5.525000 14.153914
5.526000 14.157676
5.527000 14.161439
5.528000 14.165202
5.529000 14.168965
5.530000 14.172730
5.531000 14.176494
5.532000 14.180259
5.533000 14.184025
5.534000 14.187791
5.535000 14.191558
5.536000 14.195325
5.537000 14.199093
5.538000 14.202861
5.539000 14.206630
5.540000 14.210399
5.541000 14.214168
5.542000 14.217939
5.543000 14.221709
5.544000 14.225480
5.545000 14.229252
5.546000 14.233024
5.547000 14.236797
5.548000 14.240570
5.549000 14.244344
5.550000 14.248118
5.551000 14.251893
5.552000 14.255668
5.553000 14.259443
5.554000 14.263220
5.555000 14.266996
5.556000 14.270773
5.557000 14.274551
5.558000 14.278329
5.559000 14.282108
5.560000 14.285887
5.561000 14.289667
5.562000 14.293447
5.563000 14.297228
5.564000 14.301009
5.565000 14.304790
5.566000 14.308573
5.567000 14.312355
5.568000 14.316138
5.569000 14.319922
5.570000 14.323706
5.571000 14.327491
5.572000 14.331276
5.573000 14.335062
5.574000 14.338848
5.575000 14.342635
5.576000 14.346422
5.577000 14.350209
5.578000 14.353998
5.579000 14.357786
5.580000 14.361575
5.581000 14.365365
5.582000 14.369155
5.583000 14.372946
5.584000 14.376737
5.585000 14.380529
5.586000 14.384321
5.587000 14.388114
5.588000 14.391907
5.589000 14.395700
5.590000 14.399495
5.591000 14.403289
5.592000 14.407084
5.593000 14.410880
5.594000 14.414676
5.595000 14.418473
5.596000 14.422270
5.597000 14.426068
5.598000 14.429866
5.599000 14.433665
5.600000 14.437464
5.601000 14.441263
5.602000 14.445064
5.603000 14.448864
5.604000 14.452665
5.605000 14.456467
5.606000 14.460269
5.607000 14.464072
5.608000 14.467875
5.609000 14.471679
5.610000 14.475483
5.611000 14.479288
5.612000 14.483093
5.613000 14.486898
5.614000 14.490705
5.615000 14.494511
5.616000 14.498318
5.617000 14.502126
5.618000 14.505934
5.619000 14.509743
5.620000 14.513552
5.621000 14.517362
5.622000 14.521172
5.623000 14.524983
5.624000 14.528794
5.625000 14.532605
5.626000 14.536418
5.627000 14.540230
5.628000 14.544043
5.629000 14.547857
5.630000 14.551671
5.631000 14.555486
5.632000 14.559301
5.633000 14.563117
5.634000 14.566933
5.635000 14.570750
5.636000 14.574567
5.637000 14.578384
5.638000 14.582203
5.639000 14.586021
5.640000 14.589840
5.641000 14.593660
5.642000 14.597480
5.643000 14.601301
5.644000 14.605122
5.645000 14.608944
5.646000 14.612766
5.647000 14.616589
5.648000 14.620412
5.649000 14.624235
5.650000 14.628060
5.651000 14.631884
5.652000 14.635709
5.653000 14.639535
5.654000 14.643361
5.655000 14.647188
5.656000 14.651015
5.657000 14.654843
5.658000 14.658671
5.659000 14.662500
5.660000 14.666329
5.661000 14.670158
5.662000 14.673989
5.663000 14.677819
5.664000 14.681650
5.665000 14.685482
5.666000 14.689314
5.667000 14.693147
5.668000 14.696980
5.669000 14.700814
5.670000 14.704648
5.671000 14.708483
5.672000 14.712318
5.673000 14.716153
5.674000 14.719989
5.675000 14.723826
5.676000 14.727663
5.677000 14.731501
5.678000 14.735339
5.679000 14.739178
5.680000 14.743017
5.681000 14.746857
5.682000 14.750697
5.683000 14.754537
5.684000 14.758379
5.685000 14.762220
5.686000 14.766062
5.687000 14.769905
5.688000 14.773748
5.689000 14.777592
5.690000 14.781436
5.691000 14.785281
5.692000 14.789126
5.693000 14.792972
5.694000 14.796818
5.695000 14.800664
5.696000 14.804512
5.697000 14.808359
5.698000 14.812207
5.699000 14.816056
5.700000 14.819905
5.701000 14.823755
5.702000 14.827605
5.703000 14.831456
5.704000 14.835307
5.705000 14.839159
5.706000 14.843011
5.707000 14.846863
5.708000 14.850717
5.709000 14.854570
5.710000 14.858424
5.711000 14.862279
5.712000 14.866134
5.713000 14.869990
5.714000 14.873846
5.715000 14.877703
5.716000 14.881560
5.717000 14.885418
5.718000 14.889276
5.719000 14.893134
5.720000 14.896993
5.721000 14.900853
5.722000 14.904713
5.723000 14.908574
5.724000 14.912435
5.725000 14.916297
5.726000 14.920159
5.727000 14.924022
5.728000 14.927885
5.729000 14.931748
5.730000 14.935613
5.731000 14.939477
5.732000 14.943342
5.733000 14.947208
5.734000 14.951074
5.735000 14.954941
5.736000 14.958808
5.737000 14.962676
5.738000 14.966544
5.739000 14.970413
5.740000 14.974282
5.741000 14.978151
5.742000 14.982022
5.743000 14.985892
5.744000 14.989763
5.745000 14.993635
5.746000 14.997507
5.747000 15.001380
5.748000 15.005253
5.749000 15.009127
5.750000 15.013001
5.751000 15.016876
5.752000 15.020751
5.753000 15.024626
5.754000 15.028502
5.755000 15.032379
5.756000 15.036256
5.757000 15.040134
5.758000 15.044012
5.759000 15.047891
5.760000 15.051770
5.761000 15.055650
5.762000 15.059530
5.763000 15.063410
5.764000 15.067292
5.765000 15.071173
5.766000 15.075055
5.767000 15.078938
5.768000 15.082821
5.769000 15.086705
5.770000 15.090589
5.771000 15.094474
5.772000 15.098359
5.773000 15.102245
5.774000 15.106131
5.775000 15.110017
5.776000 15.113905
5.777000 15.117792
5.778000 15.121680
5.779000 15.125569
5.780000 15.129458
5.781000 15.133348
5.782000 15.137238
5.783000 15.141129
5.784000 15.145020
5.785000 15.148911
5.786000 15.152804
5.787000 15.156696
5.788000 15.160589
5.789000 15.164483
5.790000 15.168377
5.791000 15.172272
5.792000 15.176167
5.793000 15.180063
5.794000 15.183959
5.795000 15.187856
5.796000 15.191753
5.797000 15.195650
5.798000 15.199549
5.799000 15.203447
5.800000 15.207346
5.801000 15.211246
5.802000 15.215146
5.803000 15.219047
5.804000 15.222948
5.805000 15.226850
5.806000 15.230752
5.807000 15.234654
5.808000 15.238558
5.809000 15.242461
5.810000 15.246365
5.811000 15.250270
5.812000 15.254175
5.813000 15.258081
5.814000 15.261987
5.815000 15.265894
5.816000 15.269801
5.817000 15.273709
5.818000 15.277617
5.819000 15.281525
5.820000 15.285435
5.821000 15.289344
5.822000 15.293254
5.823000 15.297165
5.824000 15.301076
5.825000 15.304988
5.826000 15.308900
5.827000 15.312813
5.828000 15.316726
5.829000 15.320640
5.830000 15.324554
5.831000 15.328468
5.832000 15.332383
5.833000 15.336299
5.834000 15.340215
5.835000 15.344132
5.836000 15.348049
5.837000 15.351967
5.838000 15.355885
5.839000 15.359804
5.840000 15.363723
5.841000 15.367642
5.842000 15.371563
5.843000 15.375483
5.844000 15.379404
5.845000 15.383326
5.846000 15.387248
5.847000 15.391171
5.848000 15.395094
5.849000 15.399018
5.850000 15.402942
5.851000 15.406866
5.852000 15.410792
5.853000 15.414717
5.854000 15.418643
5.855000 15.422570
5.856000 15.426497
5.857000 15.430425
5.858000 15.434353
5.859000 15.438282
5.860000 15.442211
5.861000 15.446141
5.862000 15.450071
5.863000 15.454001
5.864000 15.457933
5.865000 15.461864
5.866000 15.465796
5.867000 15.469729
5.868000 15.473662
5.869000 15.477596
5.870000 15.481530
5.871000 15.485465
5.872000 15.489400
5.873000 15.493335
5.874000 15.497272
5.875000 15.501208
5.876000 15.505145
5.877000 15.509083
5.878000 15.513021
5.879000 15.516960
5.880000 15.520899
5.881000 15.524839
5.882000 15.528779
5.883000 15.532720
5.884000 15.536661
5.885000 15.540602
5.886000 15.544545
5.887000 15.548487
5.888000 15.552430
5.889000 15.556374
5.890000 15.560318
5.891000 15.564263
5.892000 15.568208
5.893000 15.572154
5.894000 15.576100
5.895000 15.580046
5.896000 15.583994
5.897000 15.587941
5.898000 15.591889
5.899000 15.595838
5.900000 15.599787
5.901000 15.603737
5.902000 15.607687
5.903000 15.611638
5.904000 15.615589
5.905000 15.619540
5.906000 15.623493
5.907000 15.627445
5.908000 15.631398
5.909000 15.635352
5.910000 15.639306
5.911000 15.643261
5.912000 15.647216
5.913000 15.651172
5.914000 15.655128
5.915000 15.659085
5.916000 15.663042
5.917000 15.666999
5.918000 15.670958
5.919000 15.674916
5.920000 15.678875
5.921000 15.682835
5.922000 15.686795
5.923000 15.690756
5.924000 15.694717
5.925000 15.698679
5.926000 15.702641
5.927000 15.706603
5.928000 15.710567
5.929000 15.714530
5.930000 15.718494
5.931000 15.722459
5.932000 15.726424
5.933000 15.730390
5.934000 15.734356
5.935000 15.738323
5.936000 15.742290
5.937000 15.746257
5.938000 15.750226
5.939000 15.754194
5.940000 15.758163
5.941000 15.762133
5.942000 15.766103
5.943000 15.770074
5.944000 15.774045
5.945000 15.778017
5.946000 15.781989
5.947000 15.785962
5.948000 15.789935
5.949000 15.793908
5.950000 15.797882
5.951000 15.801857
5.952000 15.805832
5.953000 15.809808
5.954000 15.813784
5.955000 15.817761
5.956000 15.821738
5.957000 15.825716
5.958000 15.829694
5.959000 15.833672
5.960000 15.837652
5.961000 15.841631
5.962000 15.845611
5.963000 15.849592
5.964000 15.853573
5.965000 15.857555
5.966000 15.861537
5.967000 15.865520
5.968000 15.869503
5.969000 15.873486
5.970000 15.877471
5.971000 15.881455
5.972000 15.885440
5.973000 15.889426
5.974000 15.893412
5.975000 15.897399
5.976000 15.901386
5.977000 15.905374
5.978000 15.909362
5.979000 15.913350
5.980000 15.917340
5.981000 15.921329
5.982000 15.925319
5.983000 15.929310
5.984000 15.933301
5.985000 15.937293
5.986000 15.941285
5.987000 15.945278
5.988000 15.949271
5.989000 15.953265
5.990000 15.957259
5.991000 15.961253
5.992000 15.965248
5.993000 15.969244
5.994000 15.973240
5.995000 15.977237
5.996000 15.981234
5.997000 15.985232
5.998000 15.989230
5.999000 15.993229
6.000000 15.997228
6.001000 16.001227
6.002000 16.005228
6.003000 16.009228
6.004000 16.013229
6.005000 16.017231
6.006000 16.021233
6.007000 16.025236
6.008000 16.029239
6.009000 16.033243
6.010000 16.037247
6.011000 16.041251
6.012000 16.045257
6.013000 16.049262
6.014000 16.053268
6.015000 16.057275
6.016000 16.061282
6.017000 16.065290
6.018000 16.069298
6.019000 16.073307
6.020000 16.077316
6.021000 16.081325
6.022000 16.085336
6.023000 16.089346
6.024000 16.093357
6.025000 16.097369
6.026000 16.101381
6.027000 16.105394
6.028000 16.109407
6.029000 16.113421
6.030000 16.117435
6.031000 16.121449
6.032000 16.125465
6.033000 16.129480
6.034000 16.133496
6.035000 16.137513
6.036000 16.141530
6.037000 16.145548
6.038000 16.149566
6.039000 16.153585
6.040000 16.157604
6.041000 16.161623
6.042000 16.165644
6.043000 16.169664
6.044000 16.173685
6.045000 16.177707
6.046000 16.181729
6.047000 16.185752
6.048000 16.189775
6.049000 16.193799
6.050000 16.197823
6.051000 16.201847
6.052000 16.205873
6.053000 16.209898
6.054000 16.213924
6.055000 16.217951
6.056000 16.221978
6.057000 16.226006
6.058000 16.230034
6.059000 16.234063
6.060000 16.238092
6.061000 16.242122
6.062000 16.246152
6.063000 16.250182
6.064000 16.254213
6.065000 16.258245
6.066000 16.262277
6.067000 16.266310
6.068000 16.270343
6.069000 16.274377
6.070000 16.278411
6.071000 16.282446
6.072000 16.286481
6.073000 16.290516
6.074000 16.294552
6.075000 16.298589
6.076000 16.302626
6.077000 16.306664
6.078000 16.310702
6.079000 16.314741
6.080000 16.318780
6.081000 16.322820
6.082000 16.326860
6.083000 16.330900
6.084000 16.334941
6.085000 16.338983
6.086000 16.343025
6.087000 16.347068
6.088000 16.351111
6.089000 16.355155
6.090000 16.359199
6.091000 16.363244
6.092000 16.367289
6.093000 16.371334
6.094000 16.375380
6.095000 16.379427
6.096000 16.383474
6.097000 16.387522
6.098000 16.391570
6.099000 16.395619
6.100000 16.399668
6.101000 16.403718
6.102000 16.407768
6.103000 16.411818
6.104000 16.415869
6.105000 16.419921
6.106000 16.423973
6.107000 16.428026
6.108000 16.432079
6.109000 16.436133
6.110000 16.440187
6.111000 16.444242
6.112000 16.448297
6.113000 16.452352
6.114000 16.456408
6.115000 16.460465
6.116000 16.464522
6.117000 16.468580
6.118000 16.472638
6.119000 16.476697
6.120000 16.480756
6.121000 16.484816
6.122000 16.488876
6.123000 16.492936
6.124000 16.496997
6.125000 16.501059
6.126000 16.505121
6.127000 16.509184
6.128000 16.513247
6.129000 16.517311
6.130000 16.521375
6.131000 16.525440
6.132000 16.529505
6.133000 16.533570
6.134000 16.537636
6.135000 16.541703
6.136000 16.545770
6.137000 16.549838
6.138000 16.553906
6.139000 16.557975
6.140000 16.562044
6.141000 16.566114
6.142000 16.570184
6.143000 16.574254
6.144000 16.578325
6.145000 16.582397
6.146000 16.586469
6.147000 16.590542
6.148000 16.594615
6.149000 16.598689
6.150000 16.602763
6.151000 16.606838
6.152000 16.610913
6.153000 16.614988
6.154000 16.619064
6.155000 16.623141
6.156000 16.627218
6.157000 16.631296
6.158000 16.635374
6.159000 16.639453
6.160000 16.643532
6.161000 16.647612
6.162000 16.651692
6.163000 16.655772
6.164000 16.659853
6.165000 16.663935
6.166000 16.668017
6.167000 16.672100
6.168000 16.676183
6.169000 16.680267
6.170000 16.684351
6.171000 16.688435
6.172000 16.692521
6.173000 16.696606
6.174000 16.700692
6.175000 16.704779
6.176000 16.708866
6.177000 16.712954
6.178000 16.717042
6.179000 16.721131
6.180000 16.725220
6.181000 16.729309
6.182000 16.733400
6.183000 16.737490
6.184000 16.741581
6.185000 16.745673
6.186000 16.749765
6.187000 16.753858
6.188000 16.757951
6.189000 16.762045
6.190000 16.766139
6.191000 16.770233
6.192000 16.774329
6.193000 16.778424
6.194000 16.782520
6.195000 16.786617
6.196000 16.790714
6.197000 16.794812
6.198000 16.798910
6.199000 16.803009
6.200000 16.807108
6.201000 16.811207
6.202000 16.815308
6.203000 16.819408
6.204000 16.823509
6.205000 16.827611
6.206000 16.831713
6.207000 16.835816
6.208000 16.839919
6.209000 16.844023
6.210000 16.848127
6.211000 16.852231
6.212000 16.856337
6.213000 16.860442
6.214000 16.864548
6.215000 16.868655
6.216000 16.872762
6.217000 16.876870
6.218000 16.880978
6.219000 16.885087
6.220000 16.889196
6.221000 16.893305
6.222000 16.897416
6.223000 16.901526
6.224000 16.905637
6.225000 16.909749
6.226000 16.913861
6.227000 16.917974
6.228000 16.922087
6.229000 16.926201
6.230000 16.930315
6.231000 16.934429
6.232000 16.938544
6.233000 16.942660
6.234000 16.946776
6.235000 16.950893
6.236000 16.955010
6.237000 16.959128
6.238000 16.963246
6.239000 16.967364
6.240000 16.971484
6.241000 16.975603
6.242000 16.979723
6.243000 16.983844
6.244000 16.987965
6.245000 16.992087
6.246000 16.996209
6.247000 17.000332
6.248000 17.004455
6.249000 17.008578
6.250000 17.012703
6.251000 17.016827
6.252000 17.020952
6.253000 17.025078
6.254000 17.029204
6.255000 17.033331
6.256000 17.037458
6.257000 17.041586
6.258000 17.045714
6.259000 17.049842
6.260000 17.053972
6.261000 17.058101
6.262000 17.062231
6.263000 17.066362
6.264000 17.070493
6.265000 17.074625
6.266000 17.078757
6.267000 17.082890
6.268000 17.087023
6.269000 17.091156
6.270000 17.095291
6.271000 17.099425
6.272000 17.103560
6.273000 17.107696
6.274000 17.111832
6.275000 17.115969
6.276000 17.120106
6.277000 17.124244
6.278000 17.128382
6.279000 17.132520
6.280000 17.136659
6.281000 17.140799
6.282000 17.144939
6.283000 17.149080
6.284000 17.153221
6.285000 17.157363
6.286000 17.161505
6.287000 17.165647
6.288000 17.169791
6.289000 17.173934
6.290000 17.178078
6.291000 17.182223
6.292000 17.186368
6.293000 17.190514
6.294000 17.194660
6.295000 17.198807
6.296000 17.202954
6.297000 17.207101
6.298000 17.211250
6.299000 17.215398
6.300000 17.219547
6.301000 17.223697
6.302000 17.227847
6.303000 17.231998
6.304000 17.236149
6.305000 17.240301
6.306000 17.244453
6.307000 17.248605
6.308000 17.252759
6.309000 17.256912
6.310000 17.261066
6.311000 17.265221
6.312000 17.269376
6.313000 17.273532
6.314000 17.277688
6.315000 17.281845
6.316000 17.286002
6.317000 17.290159
6.318000 17.294317
6.319000 17.298476
6.320000 17.302635
6.321000 17.306795
6.322000 17.310955
6.323000 17.315116
6.324000 17.319277
6.325000 17.323438
6.326000 17.327601
6.327000 17.331763
6.328000 17.335926
6.329000 17.340090
6.330000 17.344254
6.331000 17.348419
6.332000 17.352584
6.333000 17.356750
6.334000 17.360916
6.335000 17.365082
6.336000 17.369250
6.337000 17.373417
6.338000 17.377585
6.339000 17.381754
6.340000 17.385923
6.341000 17.390093
6.342000 17.394263
6.343000 17.398434
6.344000 17.402605
6.345000 17.406776
6.346000 17.410948
6.347000 17.415121
6.348000 17.419294
6.349000 17.423468
6.350000 17.427642
6.351000 17.431817
6.352000 17.435992
6.353000 17.440167
6.354000 17.444344
6.355000 17.448520
6.356000 17.452697
6.357000 17.456875
6.358000 17.461053
6.359000 17.465232
6.360000 17.469411
6.361000 17.473591
6.362000 17.477771
6.363000 17.481951
6.364000 17.486133
6.365000 17.490314
6.366000 17.494496
6.367000 17.498679
6.368000 17.502862
6.369000 17.507046
6.370000 17.511230
6.371000 17.515415
6.372000 17.519600
6.373000 17.523785
6.374000 17.527971
6.375000 17.532158
6.376000 17.536345
6.377000 17.540533
6.378000 17.544721
6.379000 17.548910
6.380000 17.553099
6.381000 17.557288
6.382000 17.561479
6.383000 17.565669
6.384000 17.569860
6.385000 17.574052
6.386000 17.578244
6.387000 17.582437
6.388000 17.586630
6.389000 17.590824
6.390000 17.595018
6.391000 17.599212
6.392000 17.603407
6.393000 17.607603
6.394000 17.611799
6.395000 17.615996
6.396000 17.620193
6.397000 17.624391
6.398000 17.628589
6.399000 17.632787
6.400000 17.636987
6.401000 17.641186
6.402000 17.645386
6.403000 17.649587
6.404000 17.653788
6.405000 17.657990
6.406000 17.662192
6.407000 17.666395
6.408000 17.670598
6.409000 17.674801
6.410000 17.679006
6.411000 17.683210
6.412000 17.687415
6.413000 17.691621
6.414000 17.695827
6.415000 17.700034
6.416000 17.704241
6.417000 17.708449
6.418000 17.712657
6.419000 17.716865
6.420000 17.721074
6.421000 17.725284
6.422000 17.729494
6.423000 17.733705
6.424000 17.737916
6.425000 17.742128
6.426000 17.746340
6.427000 17.750552
6.428000 17.754766
6.429000 17.758979
6.430000 17.763193
6.431000 17.767408
6.432000 17.771623
6.433000 17.775839
6.434000 17.780055
6.435000 17.784272
6.436000 17.788489
6.437000 17.792706
6.438000 17.796924
6.439000 17.801143
6.440000 17.805362
6.441000 17.809582
6.442000 17.813802
6.443000 17.818023
6.444000 17.822244
6.445000 17.826465
6.446000 17.830688
6.447000 17.834910
6.448000 17.839133
6.449000 17.843357
6.450000 17.847581
6.451000 17.851806
6.452000 17.856031
6.453000 17.860257
6.454000 17.864483
6.455000 17.868709
6.456000 17.872936
6.457000 17.877164
6.458000 17.881392
6.459000 17.885621
6.460000 17.889850
6.461000 17.894080
6.462000 17.898310
6.463000 17.902540
6.464000 17.906772
6.465000 17.911003
6.466000 17.915235
6.467000 17.919468
6.468000 17.923701
6.469000 17.927935
6.470000 17.932169
6.471000 17.936404
6.472000 17.940639
6.473000 17.944874
6.474000 17.949111
6.475000 17.953347
6.476000 17.957584
6.477000 17.961822
6.478000 17.966060
6.479000 17.970299
6.480000 17.974538
6.481000 17.978777
6.482000 17.983018
6.483000 17.987258
6.484000 17.991499
6.485000 17.995741
6.486000 17.999983
6.487000 18.004226
6.488000 18.008469
6.489000 18.012713
6.490000 18.016957
6.491000 18.021201
6.492000 18.025447
6.493000 18.029692
6.494000 18.033938
6.495000 18.038185
6.496000 18.042432
6.497000 18.046680
6.498000 18.050928
6.499000 18.055176
6.500000 18.059426
6.501000 18.063675
6.502000 18.067925
6.503000 18.072176
6.504000 18.076427
6.505000 18.080679
6.506000 18.084931
6.507000 18.089184
6.508000 18.093437
6.509000 18.097690
6.510000 18.101944
6.511000 18.106199
6.512000 18.110454
6.513000 18.114710
6.514000 18.118966
6.515000 18.123223
6.516000 18.127480
6.517000 18.131737
6.518000 18.135996
6.519000 18.140254
6.520000 18.144513
6.521000 18.148773
6.522000 18.153033
6.523000 18.157294
6.524000 18.161555
6.525000 18.165817
6.526000 18.170079
6.527000 18.174341
6.528000 18.178604
6.529000 18.182868
6.530000 18.187132
6.531000 18.191397
6.532000 18.195662
6.533000 18.199928
6.534000 18.204194
6.535000 18.208460
6.536000 18.212728
6.537000 18.216995
6.538000 18.221263
6.539000 18.225532
6.540000 18.229801
6.541000 18.234071
6.542000 18.238341
6.543000 18.242612
6.544000 18.246883
6.545000 18.251154
6.546000 18.255426
6.547000 18.259699
6.548000 18.263972
6.549000 18.268246
6.550000 18.272520
6.551000 18.276795
6.552000 18.281070
6.553000 18.285345
6.554000 18.289622
6.555000 18.293898
6.556000 18.298175
6.557000 18.302453
6.558000 18.306731
6.559000 18.311010
6.560000 18.315289
6.561000 18.319568
6.562000 18.323849
6.563000 18.328129
6.564000 18.332410
6.565000 18.336692
6.566000 18.340974
6.567000 18.345257
6.568000 18.349540
6.569000 18.353824
6.570000 18.358108
6.571000 18.362392
6.572000 18.366677
6.573000 18.370963
6.574000 18.375249
6.575000 18.379536
6.576000 18.383823
6.577000 18.388111
6.578000 18.392399
6.579000 18.396687
6.580000 18.400977
6.581000 18.405266
6.582000 18.409556
6.583000 18.413847
6.584000 18.418138
6.585000 18.422430
6.586000 18.426722
6.587000 18.431015
6.588000 18.435308
6.589000 18.439601
6.590000 18.443895
6.591000 18.448190
6.592000 18.452485
6.593000 18.456781
6.594000 18.461077
6.595000 18.465374
6.596000 18.469671
6.597000 18.473968
6.598000 18.478267
6.599000 18.482565
6.600000 18.486864
6.601000 18.491164
6.602000 18.495464
6.603000 18.499765
6.604000 18.504066
6.605000 18.508367
6.606000 18.512670
6.607000 18.516972
6.608000 18.521275
6.609000 18.525579
6.610000 18.529883
6.611000 18.534188
6.612000 18.538493
6.613000 18.542799
6.614000 18.547105
6.615000 18.551411
6.616000 18.555718
6.617000 18.560026
6.618000 18.564334
6.619000 18.568643
6.620000 18.572952
6.621000 18.577262
6.622000 18.581572
6.623000 18.585882
6.624000 18.590194
6.625000 18.594505
6.626000 18.598817
6.627000 18.603130
6.628000 18.607443
6.629000 18.611757
6.630000 18.616071
6.631000 18.620385
6.632000 18.624701
6.633000 18.629016
6.634000 18.633332
6.635000 18.637649
6.636000 18.641966
6.637000 18.646284
6.638000 18.650602
6.639000 18.654921
6.640000 18.659240
6.641000 18.663559
6.642000 18.667879
6.643000 18.672200
6.644000 18.676521
6.645000 18.680843
6.646000 18.685165
6.647000 18.689488
6.648000 18.693811
6.649000 18.698134
6.650000 18.702459
6.651000 18.706783
6.652000 18.711108
6.653000 18.715434
6.654000 18.719760
6.655000 18.724087
6.656000 18.728414
6.657000 18.732741
6.658000 18.737070
6.659000 18.741398
6.660000 18.745727
6.661000 18.750057
6.662000 18.754387
6.663000 18.758718
6.664000 18.763049
6.665000 18.767381
6.666000 18.771713
6.667000 18.776045
6.668000 18.780378
6.669000 18.784712
6.670000 18.789046
6.671000 18.793381
6.672000 18.797716
6.673000 18.802052
6.674000 18.806388
6.675000 18.810724
6.676000 18.815061
6.677000 18.819399
6.678000 18.823737
6.679000 18.828076
6.680000 18.832415
6.681000 18.836755
6.682000 18.841095
6.683000 18.845435
6.684000 18.849777
6.685000 18.854118
6.686000 18.858460
6.687000 18.862803
6.688000 18.867146
6.689000 18.871490
6.690000 18.875834
6.691000 18.880178
6.692000 18.884524
6.693000 18.888869
6.694000 18.893215
6.695000 18.897562
6.696000 18.901909
6.697000 18.906257
6.698000 18.910605
6.699000 18.914954
6.700000 18.919303
6.701000 18.923652
6.702000 18.928002
6.703000 18.932353
6.704000 18.936704
6.705000 18.941056
6.706000 18.945408
6.707000 18.949761
6.708000 18.954114
6.709000 18.958467
6.710000 18.962822
6.711000 18.967176
6.712000 18.971531
6.713000 18.975887
6.714000 18.980243
6.715000 18.984600
6.716000 18.988957
6.717000 18.993314
6.718000 18.997673
6.719000 19.002031
6.720000 19.006390
6.721000 19.010750
6.722000 19.015110
6.723000 19.019471
6.724000 19.023832
6.725000 19.028193
6.726000 19.032556
6.727000 19.036918
6.728000 19.041281
6.729000 19.045645
6.730000 19.050009
6.731000 19.054374
6.732000 19.058739
6.733000 19.063105
6.734000 19.067471
6.735000 19.071837
6.736000 19.076204
6.737000 19.080572
6.738000 19.084940
6.739000 19.089309
6.740000 19.093678
6.741000 19.098048
6.742000 19.102418
6.743000 19.106788
6.744000 19.111159
6.745000 19.115531
6.746000 19.119903
6.747000 19.124276
6.748000 19.128649
6.749000 19.133023
6.750000 19.137397
6.751000 19.141771
6.752000 19.146147
6.753000 19.150522
6.754000 19.154898
6.755000 19.159275
6.756000 19.163652
6.757000 19.168030
6.758000 19.172408
6.759000 19.176786
6.760000 19.181166
6.761000 19.185545
6.762000 19.189925
6.763000 19.194306
6.764000 19.198687
6.765000 19.203069
6.766000 19.207451
6.767000 19.211833
6.768000 19.216217
6.769000 19.220600
6.770000 19.224984
6.771000 19.229369
6.772000 19.233754
6.773000 19.238140
6.774000 19.242526
6.775000 19.246913
6.776000 19.251300
6.777000 19.255687
6.778000 19.260075
6.779000 19.264464
6.780000 19.268853
6.781000 19.273243
6.782000 19.277633
6.783000 19.282024
6.784000 19.286415
6.785000 19.290806
6.786000 19.295198
6.787000 19.299591
6.788000 19.303984
6.789000 19.308378
6.790000 19.312772
6.791000 19.317167
6.792000 19.321562
6.793000 19.325957
6.794000 19.330354
6.795000 19.334750
6.796000 19.339147
6.797000 19.343545
6.798000 19.347943
6.799000 19.352342
6.800000 19.356741
6.801000 19.361140
6.802000 19.365541
6.803000 19.369941
6.804000 19.374342
6.805000 19.378744
6.806000 19.383146
6.807000 19.387549
6.808000 19.391952
6.809000 19.396355
6.810000 19.400760
6.811000 19.405164
6.812000 19.409569
6.813000 19.413975
6.814000 19.418381
6.815000 19.422788
6.816000 19.427195
6.817000 19.431602
6.818000 19.436011
6.819000 19.440419
6.820000 19.444828
6.821000 19.449238
6.822000 19.453648
6.823000 19.458059
6.824000 19.462470
6.825000 19.466882
6.826000 19.471294
6.827000 19.475706
6.828000 19.480119
6.829000 19.484533
6.830000 19.488947
6.831000 19.493362
6.832000 19.497777
6.833000 19.502193
6.834000 19.506609
6.835000 19.511025
6.836000 19.515442
6.837000 19.519860
6.838000 19.524278
6.839000 19.528697
6.840000 19.533116
6.841000 19.537536
6.842000 19.541956
6.843000 19.546376
6.844000 19.550797
6.845000 19.555219
6.846000 19.559641
6.847000 19.564064
6.848000 19.568487
6.849000 19.572911
6.850000 19.577335
6.851000 19.581759
6.852000 19.586184
6.853000 19.590610
6.854000 19.595036
6.855000 19.599463
6.856000 19.603890
6.857000 19.608318
6.858000 19.612746
6.859000 19.617174
6.860000 19.621604
6.861000 19.626033
6.862000 19.630463
6.863000 19.634894
6.864000 19.639325
6.865000 19.643757
6.866000 19.648189
6.867000 19.652621
6.868000 19.657055
6.869000 19.661488
6.870000 19.665922
6.871000 19.670357
6.872000 19.674792
6.873000 19.679228
6.874000 19.683664
6.875000 19.688100
6.876000 19.692538
6.877000 19.696975
6.878000 19.701413
6.879000 19.705852
6.880000 19.710291
6.881000 19.714731
6.882000 19.719171
6.883000 19.723611
6.884000 19.728053
6.885000 19.732494
6.886000 19.736936
6.887000 19.741379
6.888000 19.745822
6.889000 19.750266
6.890000 19.754710
6.891000 19.759154
6.892000 19.763600
6.893000 19.768045
6.894000 19.772491
6.895000 19.776938
6.896000 19.781385
6.897000 19.785833
6.898000 19.790281
6.899000 19.794729
6.900000 19.799179
6.901000 19.803628
6.902000 19.808078
6.903000 19.812529
6.904000 19.816980
6.905000 19.821432
6.906000 19.825884
6.907000 19.830337
6.908000 19.834790
6.909000 19.839243
6.910000 19.843697
6.911000 19.848152
6.912000 19.852607
6.913000 19.857063
6.914000 19.861519
6.915000 19.865976
6.916000 19.870433
6.917000 19.874890
6.918000 19.879348
6.919000 19.883807
6.920000 19.888266
6.921000 19.892726
6.922000 19.897186
6.923000 19.901647
6.924000 19.906108
6.925000 19.910569
6.926000 19.915031
6.927000 19.919494
6.928000 19.923957
6.929000 19.928421
6.930000 19.932885
6.931000 19.937350
6.932000 19.941815
6.933000 19.946280
6.934000 19.950746
6.935000 19.955213
6.936000 19.959680
6.937000 19.964148
6.938000 19.968616
6.939000 19.973085
6.940000 19.977554
6.941000 19.982023
6.942000 19.986493
6.943000 19.990964
6.944000 19.995435
6.945000 19.999907
6.946000 20.004379
6.947000 20.008852
6.948000 20.013325
6.949000 20.017798
6.950000 20.022272
6.951000 20.026747
6.952000 20.031222
6.953000 20.035698
6.954000 20.040174
6.955000 20.044651
6.956000 20.049128
6.957000 20.053605
6.958000 20.058083
6.959000 20.062562
6.960000 20.067041
6.961000 20.071521
6.962000 20.076001
6.963000 20.080482
6.964000 20.084963
6.965000 20.089444
6.966000 20.093926
6.967000 20.098409
6.968000 20.102892
6.969000 20.107376
6.970000 20.111860
6.971000 20.116345
6.972000 20.120830
6.973000 20.125315
6.974000 20.129801
6.975000 20.134288
6.976000 20.138775
6.977000 20.143263
6.978000 20.147751
6.979000 20.152240
6.980000 20.156729
6.981000 20.161218
6.982000 20.165708
6.983000 20.170199
6.984000 20.174690
6.985000 20.179182
6.986000 20.183674
6.987000 20.188167
6.988000 20.192660
6.989000 20.197153
6.990000 20.201647
6.991000 20.206142
6.992000 20.210637
6.993000 20.215133
6.994000 20.219629
6.995000 20.224126
6.996000 20.228623
6.997000 20.233120
6.998000 20.237618
6.999000 20.242117
7.000000 20.246616
7.001000 20.251116
7.002000 20.255616
7.003000 20.260117
7.004000 20.264618
7.005000 20.269119
7.006000 20.273621
7.007000 20.278124
7.008000 20.282627
7.009000 20.287131
7.010000 20.291635
7.011000 20.296140
7.012000 20.300645
7.013000 20.305150
7.014000 20.309656
7.015000 20.314163
7.016000 20.318670
7.017000 20.323178
7.018000 20.327686
7.019000 20.332195
7.020000 20.336704
7.021000 20.341213
7.022000 20.345723
7.023000 20.350234
7.024000 20.354745
7.025000 20.359257
7.026000 20.363769
7.027000 20.368281
7.028000 20.372795
7.029000 20.377308
7.030000 20.381822
7.031000 20.386337
7.032000 20.390852
7.033000 20.395368
7.034000 20.399884
7.035000 20.404400
7.036000 20.408918
7.037000 20.413435
7.038000 20.417953
7.039000 20.422472
7.040000 20.426991
7.041000 20.431511
7.042000 20.436031
7.043000 20.440551
7.044000 20.445073
7.045000 20.449594
7.046000 20.454116
7.047000 20.458639
7.048000 20.463162
7.049000 20.467686
7.050000 20.472210
7.051000 20.476734
7.052000 20.481260
7.053000 20.485785
7.054000 20.490311
7.055000 20.494838
7.056000 20.499365
7.057000 20.503893
7.058000 20.508421
7.059000 20.512949
7.060000 20.517479
7.061000 20.522008
7.062000 20.526538
7.063000 20.531069
7.064000 20.535600
7.065000 20.540132
7.066000 20.544664
7.067000 20.549196
7.068000 20.553730
7.069000 20.558263
7.070000 20.562797
7.071000 20.567332
7.072000 20.571867
7.073000 20.576403
7.074000 20.580939
7.075000 20.585475
7.076000 20.590013
7.077000 20.594550
7.078000 20.599088
7.079000 20.603627
7.080000 20.608166
7.081000 20.612706
7.082000 20.617246
7.083000 20.621786
7.084000 20.626327
7.085000 20.630869
7.086000 20.635411
7.087000 20.639954
7.088000 20.644497
7.089000 20.649041
7.090000 20.653585
7.091000 20.658129
7.092000 20.662674
7.093000 20.667220
7.094000 20.671766
7.095000 20.676313
7.096000 20.680860
7.097000 20.685408
7.098000 20.689956
7.099000 20.694504
7.100000 20.699053
7.101000 20.703603
7.102000 20.708153
7.103000 20.712704
7.104000 20.717255
7.105000 20.721807
7.106000 20.726359
7.107000 20.730911
7.108000 20.735464
7.109000 20.740018
7.110000 20.744572
7.111000 20.749127
7.112000 20.753682
7.113000 20.758237
7.114000 20.762794
7.115000 20.767350
7.116000 20.771907
7.117000 20.776465
7.118000 20.781023
7.119000 20.785582
7.120000 20.790141
7.121000 20.794700
7.122000 20.799261
7.123000 20.803821
7.124000 20.808382
7.125000 20.812944
7.126000 20.817506
7.127000 20.822069
7.128000 20.826632
7.129000 20.831195
7.130000 20.835760
7.131000 20.840324
7.132000 20.844889
7.133000 20.849455
7.134000 20.854021
7.135000 20.858588
7.136000 20.863155
7.137000 20.867722
7.138000 20.872291
7.139000 20.876859
7.140000 20.881428
7.141000 20.885998
7.142000 20.890568
7.143000 20.895139
7.144000 20.899710
7.145000 20.904281
7.146000 20.908853
7.147000 20.913426
7.148000 20.917999
7.149000 20.922573
7.150000 20.927147
7.151000 20.931722
7.152000 20.936297
7.153000 20.940872
7.154000 20.945448
7.155000 20.950025
7.156000 20.954602
7.157000 20.959180
7.158000 20.963758
7.159000 20.968337
7.160000 20.972916
7.161000 20.977495
7.162000 20.982075
7.163000 20.986656
7.164000 20.991237
7.165000 20.995819
7.166000 21.000401
7.167000 21.004983
7.168000 21.009567
7.169000 21.014150
7.170000 21.018734
7.171000 21.023319
7.172000 21.027904
7.173000 21.032490
7.174000 21.037076
7.175000 21.041662
7.176000 21.046250
7.177000 21.050837
7.178000 21.055425
7.179000 21.060014
7.180000 21.064603
7.181000 21.069193
7.182000 21.073783
7.183000 21.078373
7.184000 21.082965
7.185000 21.087556
7.186000 21.092148
7.187000 21.096741
7.188000 21.101334
7.189000 21.105928
7.190000 21.110522
7.191000 21.115116
7.192000 21.119711
7.193000 21.124307
7.194000 21.128903
7.195000 21.133500
7.196000 21.138097
7.197000 21.142695
7.198000 21.147293
7.199000 21.151891
7.200000 21.156490
7.201000 21.161090
7.202000 21.165690
7.203000 21.170291
7.204000 21.174892
7.205000 21.179493
7.206000 21.184096
7.207000 21.188698
7.208000 21.193301
7.209000 21.197905
7.210000 21.202509
7.211000 21.207114
7.212000 21.211719
7.213000 21.216324
7.214000 21.220931
7.215000 21.225537
7.216000 21.230144
7.217000 21.234752
7.218000 21.239360
7.219000 21.243969
7.220000 21.248578
7.221000 21.253187
7.222000 21.257798
7.223000 21.262408
7.224000 21.267019
7.225000 21.271631
7.226000 21.276243
7.227000 21.280856
7.228000 21.285469
7.229000 21.290082
7.230000 21.294696
7.231000 21.299311
7.232000 21.303926
7.233000 21.308542
7.234000 21.313158
7.235000 21.317775
7.236000 21.322392
7.237000 21.327009
7.238000 21.331627
7.239000 21.336246
7.240000 21.340865
7.241000 21.345485
7.242000 21.350105
7.243000 21.354725
7.244000 21.359347
7.245000 21.363968
7.246000 21.368590
7.247000 21.373213
7.248000 21.377836
7.249000 21.382460
7.250000 21.387084
7.251000 21.391708
7.252000 21.396334
7.253000 21.400959
7.254000 21.405585
7.255000 21.410212
7.256000 21.414839
7.257000 21.419467
7.258000 21.424095
7.259000 21.428723
7.260000 21.433352
7.261000 21.437982
7.262000 21.442612
7.263000 21.447243
7.264000 21.451874
7.265000 21.456506
7.266000 21.461138
7.267000 21.465770
7.268000 21.470403
7.269000 21.475037
7.270000 21.479671
7.271000 21.484306
7.272000 21.488941
7.273000 21.493576
7.274000 21.498213
7.275000 21.502849
7.276000 21.507486
7.277000 21.512124
7.278000 21.516762
7.279000 21.521401
7.280000 21.526040
7.281000 21.530679
7.282000 21.535320
7.283000 21.539960
7.284000 21.544601
7.285000 21.549243
7.286000 21.553885
7.287000 21.558528
7.288000 21.563171
7.289000 21.567814
7.290000 21.572458
7.291000 21.577103
7.292000 21.581748
7.293000 21.586394
7.294000 21.591040
7.295000 21.595687
7.296000 21.600334
7.297000 21.604981
7.298000 21.609629
7.299000 21.614278
7.300000 21.618927
7.301000 21.623577
7.302000 21.628227
7.303000 21.632877
7.304000 21.637529
7.305000 21.642180
7.306000 21.646832
7.307000 21.651485
7.308000 21.656138
7.309000 21.660792
7.310000 21.665446
7.311000 21.670100
7.312000 21.674756
7.313000 21.679411
7.314000 21.684067
7.315000 21.688724
7.316000 21.693381
7.317000 21.698039
7.318000 21.702697
7.319000 21.707355
7.320000 21.712014
7.321000 21.716674
7.322000 21.721334
7.323000 21.725995
7.324000 21.730656
7.325000 21.735318
7.326000 21.739980
7.327000 21.744642
7.328000 21.749305
7.329000 21.753969
7.330000 21.758633
7.331000 21.763298
7.332000 21.767963
7.333000 21.772628
7.334000 21.777295
7.335000 21.781961
7.336000 21.786628
7.337000 21.791296
7.338000 21.795964
7.339000 21.800633
7.340000 21.805302
7.341000 21.809971
7.342000 21.814641
7.343000 21.819312
7.344000 21.823983
7.345000 21.828655
7.346000 21.833327
7.347000 21.838000
7.348000 21.842673
7.349000 21.847346
7.350000 21.852020
7.351000 21.856695
7.352000 21.861370
7.353000 21.866046
7.354000 21.870722
7.355000 21.875398
7.356000 21.880076
7.357000 21.884753
7.358000 21.889431
7.359000 21.894110
7.360000 21.898789
7.361000 21.903469
7.362000 21.908149
7.363000 21.912829
7.364000 21.917510
7.365000 21.922192
7.366000 21.926874
7.367000 21.931557
7.368000 21.936240
7.369000 21.940924
7.370000 21.945608
7.371000 21.950292
7.372000 21.954977
7.373000 21.959663
7.374000 21.964349
7.375000 21.969036
7.376000 21.973723
7.377000 21.978410
7.378000 21.983099
7.379000 21.987787
7.380000 21.992476
7.381000 21.997166
7.382000 22.001856
7.383000 22.006547
7.384000 22.011238
7.385000 22.015929
7.386000 22.020621
7.387000 22.025314
7.388000 22.030007
7.389000 22.034701
7.390000 22.039395
7.391000 22.044090
7.392000 22.048785
7.393000 22.053480
7.394000 22.058176
7.395000 22.062873
7.396000 22.067570
7.397000 22.072268
7.398000 22.076966
7.399000 22.081664
7.400000 22.086364
7.401000 22.091063
7.402000 22.095763
7.403000 22.100464
7.404000 22.105165
7.405000 22.109867
7.406000 22.114569
7.407000 22.119271
7.408000 22.123974
7.409000 22.128678
7.410000 22.133382
7.411000 22.138087
7.412000 22.142792
7.413000 22.147498
7.414000 22.152204
7.415000 22.156910
7.416000 22.161617
7.417000 22.166325
7.418000 22.171033
7.419000 22.175742
7.420000 22.180451
7.421000 22.185160
7.422000 22.189871
7.423000 22.194581
7.424000 22.199292
7.425000 22.204004
7.426000 22.208716
7.427000 22.213429
7.428000 22.218142
7.429000 22.222855
7.430000 22.227569
7.431000 22.232284
7.432000 22.236999
7.433000 22.241715
7.434000 22.246431
7.435000 22.251148
7.436000 22.255865
7.437000 22.260582
7.438000 22.265300
7.439000 22.270019
7.440000 22.274738
7.441000 22.279458
7.442000 22.284178
7.443000 22.288898
7.444000 22.293620
7.445000 22.298341
7.446000 22.303063
7.447000 22.307786
7.448000 22.312509
7.449000 22.317233
7.450000 22.321957
7.451000 22.326681
7.452000 22.331406
7.453000 22.336132
7.454000 22.340858
7.455000 22.345585
7.456000 22.350312
7.457000 22.355039
7.458000 22.359768
7.459000 22.364496
7.460000 22.369225
7.461000 22.373955
7.462000 22.378685
7.463000 22.383416
7.464000 22.388147
7.465000 22.392878
7.466000 22.397610
7.467000 22.402343
7.468000 22.407076
7.469000 22.411810
7.470000 22.416544
7.471000 22.421279
7.472000 22.426014
7.473000 22.430749
7.474000 22.435485
7.475000 22.440222
7.476000 22.444959
7.477000 22.449697
7.478000 22.454435
7.479000 22.459173
7.480000 22.463913
7.481000 22.468652
7.482000 22.473392
7.483000 22.478133
7.484000 22.482874
7.485000 22.487616
7.486000 22.492358
7.487000 22.497100
7.488000 22.501843
7.489000 22.506587
7.490000 22.511331
7.491000 22.516076
7.492000 22.520821
7.493000 22.525566
7.494000 22.530313
7.495000 22.535059
7.496000 22.539806
7.497000 22.544554
7.498000 22.549302
7.499000 22.554051
7.500000 22.558800
7.501000 22.563549
7.502000 22.568299
7.503000 22.573050
7.504000 22.577801
7.505000 22.582553
7.506000 22.587305
7.507000 22.592058
7.508000 22.596811
7.509000 22.601564
7.510000 22.606318
7.511000 22.611073
7.512000 22.615828
7.513000 22.620584
7.514000 22.625340
7.515000 22.630096
7.516000 22.634854
7.517000 22.639611
7.518000 22.644369
7.519000 22.649128
7.520000 22.653887
7.521000 22.658647
7.522000 22.663407
7.523000 22.668167
7.524000 22.672928
7.525000 22.677690
7.526000 22.682452
7.527000 22.687215
7.528000 22.691978
7.529000 22.696741
7.530000 22.701506
7.531000 22.706270
7.532000 22.711035
7.533000 22.715801
7.534000 22.720567
7.535000 22.725334
7.536000 22.730101
7.537000 22.734868
7.538000 22.739636
7.539000 22.744405
7.540000 22.749174
7.541000 22.753944
7.542000 22.758714
7.543000 22.763484
7.544000 22.768256
7.545000 22.773027
7.546000 22.777799
7.547000 22.782572
7.548000 22.787345
7.549000 22.792119
7.550000 22.796893
7.551000 22.801667
7.552000 22.806442
7.553000 22.811218
7.554000 22.815994
7.555000 22.820771
7.556000 22.825548
7.557000 22.830326
7.558000 22.835104
7.559000 22.839882
7.560000 22.844661
7.561000 22.849441
7.562000 22.854221
7.563000 22.859002
7.564000 22.863783
7.565000 22.868564
7.566000 22.873346
7.567000 22.878129
7.568000 22.882912
7.569000 22.887696
7.570000 22.892480
7.571000 22.897265
7.572000 22.902050
7.573000 22.906835
7.574000 22.911621
7.575000 22.916408
7.576000 22.921195
7.577000 22.925983
7.578000 22.930771
7.579000 22.935559
7.580000 22.940349
7.581000 22.945138
7.582000 22.949928
7.583000 22.954719
7.584000 22.959510
7.585000 22.964302
7.586000 22.969094
7.587000 22.973886
7.588000 22.978679
7.589000 22.983473
7.590000 22.988267
7.591000 22.993062
7.592000 22.997857
7.593000 23.002652
7.594000 23.007449
7.595000 23.012245
7.596000 23.017042
7.597000 23.021840
7.598000 23.026638
7.599000 23.031437
7.600000 23.036236
7.601000 23.041035
7.602000 23.045835
7.603000 23.050636
7.604000 23.055437
7.605000 23.060239
7.606000 23.065041
7.607000 23.069843
7.608000 23.074647
7.609000 23.079450
7.610000 23.084254
7.611000 23.089059
7.612000 23.093864
7.613000 23.098670
7.614000 23.103476
7.615000 23.108282
7.616000 23.113089
7.617000 23.117897
7.618000 23.122705
7.619000 23.127514
7.620000 23.132323
7.621000 23.137132
7.622000 23.141943
7.623000 23.146753
7.624000 23.151564
7.625000 23.156376
7.626000 23.161188
7.627000 23.166001
7.628000 23.170814
7.629000 23.175627
7.630000 23.180441
7.631000 23.185256
7.632000 23.190071
7.633000 23.194887
7.634000 23.199703
7.635000 23.204519
7.636000 23.209337
7.637000 23.214154
7.638000 23.218972
7.639000 23.223791
7.640000 23.228610
7.641000 23.233430
7.642000 23.238250
7.643000 23.243070
7.644000 23.247891
7.645000 23.252713
7.646000 23.257535
7.647000 23.262358
7.648000 23.267181
7.649000 23.272004
7.650000 23.276829
7.651000 23.281653
7.652000 23.286478
7.653000 23.291304
7.654000 23.296130
7.655000 23.300957
7.656000 23.305784
7.657000 23.310611
7.658000 23.315439
7.659000 23.320268
7.660000 23.325097
7.661000 23.329927
7.662000 23.334757
7.663000 23.339587
7.664000 23.344419
7.665000 23.349250
7.666000 23.354082
7.667000 23.358915
7.668000 23.363748
7.669000 23.368582
7.670000 23.373416
7.671000 23.378250
7.672000 23.383085
7.673000 23.387921
7.674000 23.392757
7.675000 23.397594
7.676000 23.402431
7.677000 23.407268
7.678000 23.412107
7.679000 23.416945
7.680000 23.421784
7.681000 23.426624
7.682000 23.431464
7.683000 23.436305
7.684000 23.441146
7.685000 23.445987
7.686000 23.450829
7.687000 23.455672
7.688000 23.460515
7.689000 23.465359
7.690000 23.470203
7.691000 23.475047
7.692000 23.479892
7.693000 23.484738
7.694000 23.489584
7.695000 23.494431
7.696000 23.499278
7.697000 23.504126
7.698000 23.508974
7.699000 23.513822
7.700000 23.518671
7.701000 23.523521
7.702000 23.528371
7.703000 23.533222
7.704000 23.538073
7.705000 23.542924
7.706000 23.547776
7.707000 23.552629
7.708000 23.557482
7.709000 23.562336
7.710000 23.567190
7.711000 23.572044
7.712000 23.576900
7.713000 23.581755
7.714000 23.586611
7.715000 23.591468
7.716000 23.596325
7.717000 23.601183
7.718000 23.606041
7.719000 23.610899
7.720000 23.615758
7.721000 23.620618
7.722000 23.625478
7.723000 23.630339
7.724000 23.635200
7.725000 23.640061
7.726000 23.644924
7.727000 23.649786
7.728000 23.654649
7.729000 23.659513
7.730000 23.664377
7.731000 23.669242
7.732000 23.674107
7.733000 23.678972
7.734000 23.683838
7.735000 23.688705
7.736000 23.693572
7.737000 23.698440
7.738000 23.703308
7.739000 23.708176
7.740000 23.713046
7.741000 23.717915
7.742000 23.722785
7.743000 23.727656
7.744000 23.732527
7.745000 23.737399
7.746000 23.742271
7.747000 23.747143
7.748000 23.752016
7.749000 23.756890
7.750000 23.761764
7.751000 23.766639
7.752000 23.771514
7.753000 23.776389
7.754000 23.781265
7.755000 23.786142
7.756000 23.791019
7.757000 23.795897
7.758000 23.800775
7.759000 23.805653
7.760000 23.810533
7.761000 23.815412
7.762000 23.820292
7.763000 23.825173
7.764000 23.830054
7.765000 23.834936
7.766000 23.839818
7.767000 23.844700
7.768000 23.849583
7.769000 23.854467
7.770000 23.859351
7.771000 23.864236
7.772000 23.869121
7.773000 23.874006
7.774000 23.878893
7.775000 23.883779
7.776000 23.888666
7.777000 23.893554
7.778000 23.898442
7.779000 23.903331
7.780000 23.908220
7.781000 23.913109
7.782000 23.917999
7.783000 23.922890
7.784000 23.927781
7.785000 23.932673
7.786000 23.937565
7.787000 23.942457
7.788000 23.947350
7.789000 23.952244
7.790000 23.957138
7.791000 23.962033
7.792000 23.966928
7.793000 23.971824
7.794000 23.976720
7.795000 23.981616
7.796000 23.986513
7.797000 23.991411
7.798000 23.996309
7.799000 24.001208
7.800000 24.006107
7.801000 24.011006
7.802000 24.015906
7.803000 24.020807
7.804000 24.025708
7.805000 24.030610
7.806000 24.035512
7.807000 24.040414
7.808000 24.045318
7.809000 24.050221
7.810000 24.055125
7.811000 24.060030
7.812000 24.064935
7.813000 24.069841
7.814000 24.074747
7.815000 24.079653
7.816000 24.084560
7.817000 24.089468
7.818000 24.094376
7.819000 24.099285
7.820000 24.104194
7.821000 24.109103
7.822000 24.114013
7.823000 24.118924
7.824000 24.123835
7.825000 24.128747
7.826000 24.133659
7.827000 24.138571
7.828000 24.143485
7.829000 24.148398
7.830000 24.153312
7.831000 24.158227
7.832000 24.163142
7.833000 24.168058
7.834000 24.172974
7.835000 24.177890
7.836000 24.182807
7.837000 24.187725
7.838000 24.192643
7.839000 24.197562
7.840000 24.202481
7.841000 24.207400
7.842000 24.212321
7.843000 24.217241
7.844000 24.222162
7.845000 24.227084
7.846000 24.232006
7.847000 24.236929
7.848000 24.241852
7.849000 24.246775
7.850000 24.251699
7.851000 24.256624
7.852000 24.261549
7.853000 24.266475
7.854000 24.271401
7.855000 24.276327
7.856000 24.281254
7.857000 24.286182
7.858000 24.291110
7.859000 24.296039
7.860000 24.300968
7.861000 24.305897
7.862000 24.310828
7.863000 24.315758
7.864000 24.320689
7.865000 24.325621
7.866000 24.330553
7.867000 24.335486
7.868000 24.340419
7.869000 24.345352
7.870000 24.350286
7.871000 24.355221
7.872000 24.360156
7.873000 24.365092
7.874000 24.370028
7.875000 24.374964
7.876000 24.379901
7.877000 24.384839
7.878000 24.389777
7.879000 24.394716
7.880000 24.399655
7.881000 24.404594
7.882000 24.409535
7.883000 24.414475
7.884000 24.419416
7.885000 24.424358
7.886000 24.429300
7.887000 24.434243
7.888000 24.439186
7.889000 24.444129
7.890000 24.449073
7.891000 24.454018
7.892000 24.458963
7.893000 24.463909
7.894000 24.468855
7.895000 24.473801
7.896000 24.478748
7.897000 24.483696
7.898000 24.488644
7.899000 24.493593
7.900000 24.498542
7.901000 24.503491
7.902000 24.508442
7.903000 24.513392
7.904000 24.518343
7.905000 24.523295
7.906000 24.528247
7.907000 24.533200
7.908000 24.538153
7.909000 24.543106
7.910000 24.548060
7.911000 24.553015
7.912000 24.557970
7.913000 24.562926
7.914000 24.567882
7.915000 24.572838
7.916000 24.577795
7.917000 24.582753
7.918000 24.587711
7.919000 24.592670
7.920000 24.597629
7.921000 24.602588
7.922000 24.607549
7.923000 24.612509
7.924000 24.617470
7.925000 24.622432
7.926000 24.627394
7.927000 24.632357
7.928000 24.637320
7.929000 24.642283
7.930000 24.647247
7.931000 24.652212
7.932000 24.657177
7.933000 24.662143
7.934000 24.667109
7.935000 24.672075
7.936000 24.677042
7.937000 24.682010
7.938000 24.686978
7.939000 24.691947
7.940000 24.696916
7.941000 24.701885
7.942000 24.706856
7.943000 24.711826
7.944000 24.716797
7.945000 24.721769
7.946000 24.726741
7.947000 24.731714
7.948000 24.736687
7.949000 24.741660
7.950000 24.746634
7.951000 24.751609
7.952000 24.756584
7.953000 24.761560
7.954000 24.766536
7.955000 24.771512
7.956000 24.776489
7.957000 24.781467
7.958000 24.786445
7.959000 24.791424
7.960000 24.796403
7.961000 24.801382
7.962000 24.806363
7.963000 24.811343
7.964000 24.816324
7.965000 24.821306
7.966000 24.826288
7.967000 24.831271
7.968000 24.836254
7.969000 24.841237
7.970000 24.846221
7.971000 24.851206
7.972000 24.856191
7.973000 24.861177
7.974000 24.866163
7.975000 24.871149
7.976000 24.876136
7.977000 24.881124
7.978000 24.886112
7.979000 24.891101
7.980000 24.896090
7.981000 24.901079
7.982000 24.906070
7.983000 24.911060
7.984000 24.916051
7.985000 24.921043
7.986000 24.926035
7.987000 24.931027
7.988000 24.936021
7.989000 24.941014
7.990000 24.946008
7.991000 24.951003
7.992000 24.955998
7.993000 24.960994
7.994000 24.965990
7.995000 24.970986
7.996000 24.975983
7.997000 24.980981
7.998000 24.985979
7.999000 24.990978
8.000000 24.995977
8.001000 25.000976
8.002000 25.005976
8.003000 25.010977
8.004000 25.015978
8.005000 25.020980
8.006000 25.025982
8.007000 25.030984
8.008000 25.035988
8.009000 25.040991
8.010000 25.045995
8.011000 25.051000
8.012000 25.056005
8.013000 25.061011
8.014000 25.066017
8.015000 25.071023
8.016000 25.076030
8.017000 25.081038
8.018000 25.086046
8.019000 25.091055
8.020000 25.096064
8.021000 25.101073
8.022000 25.106083
8.023000 25.111094
8.024000 25.116105
8.025000 25.121117
8.026000 25.126129
8.027000 25.131141
8.028000 25.136154
8.029000 25.141168
8.030000 25.146182
8.031000 25.151197
8.032000 25.156212
8.033000 25.161227
8.034000 25.166244
8.035000 25.171260
8.036000 25.176277
8.037000 25.181295
8.038000 25.186313
8.039000 25.191332
8.040000 25.196351
8.041000 25.201370
8.042000 25.206390
8.043000 25.211411
8.044000 25.216432
8.045000 25.221454
8.046000 25.226476
8.047000 25.231498
8.048000 25.236521
8.049000 25.241545
8.050000 25.246569
8.051000 25.251594
8.052000 25.256619
8.053000 25.261644
8.054000 25.266671
8.055000 25.271697
8.056000 25.276724
8.057000 25.281752
8.058000 25.286780
8.059000 25.291808
8.060000 25.296838
8.061000 25.301867
8.062000 25.306897
8.063000 25.311928
8.064000 25.316959
8.065000 25.321991
8.066000 25.327023
8.067000 25.332055
8.068000 25.337088
8.069000 25.342122
8.070000 25.347156
8.071000 25.352191
8.072000 25.357226
8.073000 25.362261
8.074000 25.367297
8.075000 25.372334
8.076000 25.377371
8.077000 25.382409
8.078000 25.387447
8.079000 25.392485
8.080000 25.397525
8.081000 25.402564
8.082000 25.407604
8.083000 25.412645
8.084000 25.417686
8.085000 25.422727
8.086000 25.427770
8.087000 25.432812
8.088000 25.437855
8.089000 25.442899
8.090000 25.447943
8.091000 25.452988
8.092000 25.458033
8.093000 25.463078
8.094000 25.468124
8.095000 25.473171
8.096000 25.478218
8.097000 25.483266
8.098000 25.488314
8.099000 25.493362
8.100000 25.498411
8.101000 25.503461
8.102000 25.508511
8.103000 25.513562
8.104000 25.518613
8.105000 25.523664
8.106000 25.528716
8.107000 25.533769
8.108000 25.538822
8.109000 25.543876
8.110000 25.548930
8.111000 25.553984
8.112000 25.559040
8.113000 25.564095
8.114000 25.569151
8.115000 25.574208
8.116000 25.579265
8.117000 25.584323
8.118000 25.589381
8.119000 25.594439
8.120000 25.599498
8.121000 25.604558
8.122000 25.609618
8.123000 25.614679
8.124000 25.619740
8.125000 25.624801
8.126000 25.629863
8.127000 25.634926
8.128000 25.639989
8.129000 25.645053
8.130000 25.650117
8.131000 25.655181
8.132000 25.660246
8.133000 25.665312
8.134000 25.670378
8.135000 25.675445
8.136000 25.680512
8.137000 25.685579
8.138000 25.690648
8.139000 25.695716
8.140000 25.700785
8.141000 25.705855
8.142000 25.710925
8.143000 25.715995
8.144000 25.721067
8.145000 25.726138
8.146000 25.731210
8.147000 25.736283
8.148000 25.741356
8.149000 25.746430
8.150000 25.751504
8.151000 25.756578
8.152000 25.761653
8.153000 25.766729
8.154000 25.771805
8.155000 25.776882
8.156000 25.781959
8.157000 25.787036
8.158000 25.792114
8.159000 25.797193
8.160000 25.802272
8.161000 25.807352
8.162000 25.812432
8.163000 25.817512
8.164000 25.822593
8.165000 25.827675
8.166000 25.832757
8.167000 25.837840
8.168000 25.842923
8.169000 25.848006
8.170000 25.853091
8.171000 25.858175
8.172000 25.863260
8.173000 25.868346
8.174000 25.873432
8.175000 25.878518
8.176000 25.883606
8.177000 25.888693
8.178000 25.893781
8.179000 25.898870
8.180000 25.903959
8.181000 25.909049
8.182000 25.914139
8.183000 25.919229
8.184000 25.924320
8.185000 25.929412
8.186000 25.934504
8.187000 25.939597
8.188000 25.944690
8.189000 25.949783
8.190000 25.954877
8.191000 25.959972
8.192000 25.965067
8.193000 25.970163
8.194000 25.975259
8.195000 25.980355
8.196000 25.985452
8.197000 25.990550
8.198000 25.995648
8.199000 26.000747
8.200000 26.005846
8.201000 26.010945
8.202000 26.016045
8.203000 26.021146
8.204000 26.026247
8.205000 26.031349
8.206000 26.036451
8.207000 26.041553
8.208000 26.046657
8.209000 26.051760
8.210000 26.056864
8.211000 26.061969
8.212000 26.067074
8.213000 26.072180
8.214000 26.077286
8.215000 26.082392
8.216000 26.087499
8.217000 26.092607
8.218000 26.097715
8.219000 26.102824
8.220000 26.107933
8.221000 26.113042
8.222000 26.118152
8.223000 26.123263
8.224000 26.128374
8.225000 26.133486
8.226000 26.138598
8.227000 26.143710
8.228000 26.148823
8.229000 26.153937
8.230000 26.159051
8.231000 26.164166
8.232000 26.169281
8.233000 26.174396
8.234000 26.179512
8.235000 26.184629
8.236000 26.189746
8.237000 26.194864
8.238000 26.199982
8.239000 26.205100
8.240000 26.210219
8.241000 26.215339
8.242000 26.220459
8.243000 26.225580
8.244000 26.230701
8.245000 26.235822
8.246000 26.240945
8.247000 26.246067
8.248000 26.251190
8.249000 26.256314
8.250000 26.261438
8.251000 26.266563
8.252000 26.271688
8.253000 26.276813
8.254000 26.281939
8.255000 26.287066
8.256000 26.292193
8.257000 26.297321
8.258000 26.302449
8.259000 26.307577
8.260000 26.312706
8.261000 26.317836
8.262000 26.322966
8.263000 26.328097
8.264000 26.333228
8.265000 26.338359
8.266000 26.343491
8.267000 26.348624
8.268000 26.353757
8.269000 26.358891
8.270000 26.364025
8.271000 26.369159
8.272000 26.374294
8.273000 26.379430
8.274000 26.384566
8.275000 26.389703
8.276000 26.394840
8.277000 26.399977
8.278000 26.405115
8.279000 26.410254
8.280000 26.415393
8.281000 26.420533
8.282000 26.425673
8.283000 26.430813
8.284000 26.435955
8.285000 26.441096
8.286000 26.446238
8.287000 26.451381
8.288000 26.456524
8.289000 26.461667
8.290000 26.466812
8.291000 26.471956
8.292000 26.477101
8.293000 26.482247
8.294000 26.487393
8.295000 26.492540
8.296000 26.497687
8.297000 26.502834
8.298000 26.507982
8.299000 26.513131
8.300000 26.518280
8.301000 26.523430
8.302000 26.528580
8.303000 26.533730
8.304000 26.538881
8.305000 26.544033
8.306000 26.549185
8.307000 26.554338
8.308000 26.559491
8.309000 26.564644
8.310000 26.569798
8.311000 26.574953
8.312000 26.580108
8.313000 26.585264
8.314000 26.590420
8.315000 26.595576
8.316000 26.600733
8.317000 26.605891
8.318000 26.611049
8.319000 26.616208
8.320000 26.621367
8.321000 26.626526
8.322000 26.631686
8.323000 26.636847
8.324000 26.642008
8.325000 26.647170
8.326000 26.652332
8.327000 26.657494
8.328000 26.662657
8.329000 26.667821
8.330000 26.672985
8.331000 26.678150
8.332000 26.683315
8.333000 26.688480
8.334000 26.693647
8.335000 26.698813
8.336000 26.703980
8.337000 26.709148
8.338000 26.714316
8.339000 26.719484
8.340000 26.724654
8.341000 26.729823
8.342000 26.734993
8.343000 26.740164
8.344000 26.745335
8.345000 26.750506
8.346000 26.755679
8.347000 26.760851
8.348000 26.766024
8.349000 26.771198
8.350000 26.776372
8.351000 26.781547
8.352000 26.786722
8.353000 26.791897
8.354000 26.797073
8.355000 26.802250
8.356000 26.807427
8.357000 26.812605
8.358000 26.817783
8.359000 26.822961
8.360000 26.828140
8.361000 26.833320
8.362000 26.838500
8.363000 26.843681
8.364000 26.848862
8.365000 26.854043
8.366000 26.859225
8.367000 26.864408
8.368000 26.869591
8.369000 26.874775
8.370000 26.879959
8.371000 26.885143
8.372000 26.890328
8.373000 26.895514
8.374000 26.900700
8.375000 26.905887
8.376000 26.911074
8.377000 26.916261
8.378000 26.921449
8.379000 26.926638
8.380000 26.931827
8.381000 26.937017
8.382000 26.942207
8.383000 26.947397
8.384000 26.952588
8.385000 26.957780
8.386000 26.962972
8.387000 26.968165
8.388000 26.973358
8.389000 26.978551
8.390000 26.983745
8.391000 26.988940
8.392000 26.994135
8.393000 26.999331
8.394000 27.004527
8.395000 27.009723
8.396000 27.014921
8.397000 27.020118
8.398000 27.025316
8.399000 27.030515
8.400000 27.035714
8.401000 27.040913
8.402000 27.046114
8.403000 27.051314
8.404000 27.056515
8.405000 27.061717
8.406000 27.066919
8.407000 27.072121
8.408000 27.077325
8.409000 27.082528
8.410000 27.087732
8.411000 27.092937
8.412000 27.098142
8.413000 27.103348
8.414000 27.108554
8.415000 27.113760
8.416000 27.118967
8.417000 27.124175
8.418000 27.129383
8.419000 27.134592
8.420000 27.139801
8.421000 27.145010
8.422000 27.150220
8.423000 27.155431
8.424000 27.160642
8.425000 27.165854
8.426000 27.171066
8.427000 27.176278
8.428000 27.181491
8.429000 27.186705
8.430000 27.191919
8.431000 27.197134
8.432000 27.202349
8.433000 27.207564
8.434000 27.212780
8.435000 27.217997
8.436000 27.223214
8.437000 27.228432
8.438000 27.233650
8.439000 27.238868
8.440000 27.244087
8.441000 27.249307
8.442000 27.254527
8.443000 27.259748
8.444000 27.264969
8.445000 27.270190
8.446000 27.275412
8.447000 27.280635
8.448000 27.285858
8.449000 27.291082
8.450000 27.296306
8.451000 27.301530
8.452000 27.306755
8.453000 27.311981
8.454000 27.317207
8.455000 27.322434
8.456000 27.327661
8.457000 27.332888
8.458000 27.338116
8.459000 27.343345
8.460000 27.348574
8.461000 27.353804
8.462000 27.359034
8.463000 27.364264
8.464000 27.369495
8.465000 27.374727
8.466000 27.379959
8.467000 27.385192
8.468000 27.390425
8.469000 27.395658
8.470000 27.400892
8.471000 27.406127
8.472000 27.411362
8.473000 27.416598
8.474000 27.421834
8.475000 27.427070
8.476000 27.432307
8.477000 27.437545
8.478000 27.442783
8.479000 27.448022
8.480000 27.453261
8.481000 27.458500
8.482000 27.463740
8.483000 27.468981
8.484000 27.474222
8.485000 27.479464
8.486000 27.484706
8.487000 27.489948
8.488000 27.495192
8.489000 27.500435
8.490000 27.505679
8.491000 27.510924
8.492000 27.516169
8.493000 27.521414
8.494000 27.526661
8.495000 27.531907
8.496000 27.537154
8.497000 27.542402
8.498000 27.547650
8.499000 27.552898
8.500000 27.558148
8.501000 27.563397
8.502000 27.568647
8.503000 27.573898
8.504000 27.579149
8.505000 27.584400
8.506000 27.589653
8.507000 27.594905
8.508000 27.600158
8.509000 27.605412
8.510000 27.610666
8.511000 27.615920
8.512000 27.621176
8.513000 27.626431
8.514000 27.631687
8.515000 27.636944
8.516000 27.642201
8.517000 27.647458
8.518000 27.652717
8.519000 27.657975
8.520000 27.663234
8.521000 27.668494
8.522000 27.673754
8.523000 27.679014
8.524000 27.684276
8.525000 27.689537
8.526000 27.694799
8.527000 27.700062
8.528000 27.705325
8.529000 27.710588
8.530000 27.715853
8.531000 27.721117
8.532000 27.726382
8.533000 27.731648
8.534000 27.736914
8.535000 27.742181
8.536000 27.747448
8.537000 27.752715
8.538000 27.757983
8.539000 27.763252
8.540000 27.768521
8.541000 27.773791
8.542000 27.779061
8.543000 27.784331
8.544000 27.789602
8.545000 27.794874
8.546000 27.800146
8.547000 27.805419
8.548000 27.810692
8.549000 27.815965
8.550000 27.821239
8.551000 27.826514
8.552000 27.831789
8.553000 27.837065
8.554000 27.842341
8.555000 27.847617
8.556000 27.852894
8.557000 27.858172
8.558000 27.863450
8.559000 27.868729
8.560000 27.874008
8.561000 27.879287
8.562000 27.884567
8.563000 27.889848
8.564000 27.895129
8.565000 27.900411
8.566000 27.905693
8.567000 27.910975
8.568000 27.916258
8.569000 27.921542
8.570000 27.926826
8.571000 27.932111
8.572000 27.937396
8.573000 27.942681
8.574000 27.947967
8.575000 27.953254
8.576000 27.958541
8.577000 27.963829
8.578000 27.969117
8.579000 27.974405
8.580000 27.979694
8.581000 27.984984
8.582000 27.990274
8.583000 27.995565
8.584000 28.000856
8.585000 28.006147
8.586000 28.011439
8.587000 28.016732
8.588000 28.022025
8.589000 28.027319
8.590000 28.032613
8.591000 28.037907
8.592000 28.043202
8.593000 28.048498
8.594000 28.053794
8.595000 28.059091
8.596000 28.064388
8.597000 28.069685
8.598000 28.074983
8.599000 28.080282
8.600000 28.085581
8.601000 28.090881
8.602000 28.096181
8.603000 28.101481
8.604000 28.106782
8.605000 28.112084
8.606000 28.117386
8.607000 28.122689
8.608000 28.127992
8.609000 28.133295
8.610000 28.138599
8.611000 28.143904
8.612000 28.149209
8.613000 28.154515
8.614000 28.159821
8.615000 28.165127
8.616000 28.170434
8.617000 28.175742
8.618000 28.181050
8.619000 28.186359
8.620000 28.191668
8.621000 28.196977
8.622000 28.202287
8.623000 28.207598
8.624000 28.212909
8.625000 28.218221
8.626000 28.223533
8.627000 28.228845
8.628000 28.234158
8.629000 28.239472
8.630000 28.244786
8.631000 28.250101
8.632000 28.255416
8.633000 28.260731
8.634000 28.266047
8.635000 28.271364
8.636000 28.276681
8.637000 28.281999
8.638000 28.287317
8.639000 28.292635
8.640000 28.297954
8.641000 28.303274
8.642000 28.308594
8.643000 28.313915
8.644000 28.319236
8.645000 28.324557
8.646000 28.329879
8.647000 28.335202
8.648000 28.340525
8.649000 28.345849
8.650000 28.351173
8.651000 28.356497
8.652000 28.361822
8.653000 28.367148
8.654000 28.372474
8.655000 28.377800
8.656000 28.383128
8.657000 28.388455
8.658000 28.393783
8.659000 28.399112
8.660000 28.404441
8.661000 28.409770
8.662000 28.415101
8.663000 28.420431
8.664000 28.425762
8.665000 28.431094
8.666000 28.436426
8.667000 28.441758
8.668000 28.447092
8.669000 28.452425
8.670000 28.457759
8.671000 28.463094
8.672000 28.468429
8.673000 28.473764
8.674000 28.479101
8.675000 28.484437
8.676000 28.489774
8.677000 28.495112
8.678000 28.500450
8.679000 28.505788
8.680000 28.511128
8.681000 28.516467
8.682000 28.521807
8.683000 28.527148
8.684000 28.532489
8.685000 28.537830
8.686000 28.543173
8.687000 28.548515
8.688000 28.553858
8.689000 28.559202
8.690000 28.564546
8.691000 28.569890
8.692000 28.575236
8.693000 28.580581
8.694000 28.585927
8.695000 28.591274
8.696000 28.596621
8.697000 28.601968
8.698000 28.607316
8.699000 28.612665
8.700000 28.618014
8.701000 28.623364
8.702000 28.628714
8.703000 28.634064
8.704000 28.639415
8.705000 28.644767
8.706000 28.650119
8.707000 28.655472
8.708000 28.660825
8.709000 28.666178
8.710000 28.671532
8.711000 28.676887
8.712000 28.682242
8.713000 28.687598
8.714000 28.692954
8.715000 28.698310
8.716000 28.703667
8.717000 28.709025
8.718000 28.714383
8.719000 28.719742
8.720000 28.725101
8.721000 28.730460
8.722000 28.735820
8.723000 28.741181
8.724000 28.746542
8.725000 28.751904
8.726000 28.757266
8.727000 28.762628
8.728000 28.767991
8.729000 28.773355
8.730000 28.778719
8.731000 28.784084
8.732000 28.789449
8.733000 28.794814
8.734000 28.800180
8.735000 28.805547
8.736000 28.810914
8.737000 28.816282
8.738000 28.821650
8.739000 28.827018
8.740000 28.832387
8.741000 28.837757
8.742000 28.843127
8.743000 28.848498
8.744000 28.853869
8.745000 28.859240
8.746000 28.864612
8.747000 28.869985
8.748000 28.875358
8.749000 28.880732
8.750000 28.886106
8.751000 28.891480
8.752000 28.896855
8.753000 28.902231
8.754000 28.907607
8.755000 28.912984
8.756000 28.918361
8.757000 28.923738
8.758000 28.929116
8.759000 28.934495
8.760000 28.939874
8.761000 28.945254
8.762000 28.950634
8.763000 28.956014
8.764000 28.961395
8.765000 28.966777
8.766000 28.972159
8.767000 28.977542
8.768000 28.982925
8.769000 28.988308
8.770000 28.993692
8.771000 28.999077
8.772000 29.004462
8.773000 29.009847
8.774000 29.015234
8.775000 29.020620
8.776000 29.026007
8.777000 29.031395
8.778000 29.036783
8.779000 29.042171
8.780000 29.047561
8.781000 29.052950
8.782000 29.058340
8.783000 29.063731
8.784000 29.069122
8.785000 29.074513
8.786000 29.079906
8.787000 29.085298
8.788000 29.090691
8.789000 29.096085
8.790000 29.101479
8.791000 29.106873
8.792000 29.112268
8.793000 29.117664
8.794000 29.123060
8.795000 29.128457
8.796000 29.133854
8.797000 29.139251
8.798000 29.144649
8.799000 29.150048
8.800000 29.155447
8.801000 29.160847
8.802000 29.166247
8.803000 29.171647
8.804000 29.177048
8.805000 29.182450
8.806000 29.187852
8.807000 29.193255
8.808000 29.198658
8.809000 29.204061
8.810000 29.209465
8.811000 29.214870
8.812000 29.220275
8.813000 29.225681
8.814000 29.231087
8.815000 29.236493
8.816000 29.241900
8.817000 29.247308
8.818000 29.252716
8.819000 29.258125
8.820000 29.263534
8.821000 29.268943
8.822000 29.274353
8.823000 29.279764
8.824000 29.285175
8.825000 29.290587
8.826000 29.295999
8.827000 29.301411
8.828000 29.306824
8.829000 29.312238
8.830000 29.317652
8.831000 29.323067
8.832000 29.328482
8.833000 29.333897
8.834000 29.339313
8.835000 29.344730
8.836000 29.350147
8.837000 29.355564
8.838000 29.360983
8.839000 29.366401
8.840000 29.371820
8.841000 29.377240
8.842000 29.382660
8.843000 29.388080
8.844000 29.393502
8.845000 29.398923
8.846000 29.404345
8.847000 29.409768
8.848000 29.415191
8.849000 29.420614
8.850000 29.426039
8.851000 29.431463
8.852000 29.436888
8.853000 29.442314
8.854000 29.447740
8.855000 29.453166
8.856000 29.458593
8.857000 29.464021
8.858000 29.469449
8.859000 29.474878
8.860000 29.480307
8.861000 29.485736
8.862000 29.491166
8.863000 29.496597
8.864000 29.502028
8.865000 29.507460
8.866000 29.512892
8.867000 29.518324
8.868000 29.523757
8.869000 29.529191
8.870000 29.534625
8.871000 29.540060
8.872000 29.545495
8.873000 29.550930
8.874000 29.556366
8.875000 29.561803
8.876000 29.567240
8.877000 29.572678
8.878000 29.578116
8.879000 29.583554
8.880000 29.588993
8.881000 29.594433
8.882000 29.599873
8.883000 29.605314
8.884000 29.610755
8.885000 29.616196
8.886000 29.621638
8.887000 29.627081
8.888000 29.632524
8.889000 29.637968
8.890000 29.643412
8.891000 29.648856
8.892000 29.654301
8.893000 29.659747
8.894000 29.665193
8.895000 29.670639
8.896000 29.676087
8.897000 29.681534
8.898000 29.686982
8.899000 29.692431
8.900000 29.697880
8.901000 29.703329
8.902000 29.708779
8.903000 29.714230
8.904000 29.719681
8.905000 29.725133
8.906000 29.730585
8.907000 29.736037
8.908000 29.741490
8.909000 29.746944
8.910000 29.752398
8.911000 29.757853
8.912000 29.763308
8.913000 29.768763
8.914000 29.774219
8.915000 29.779676
8.916000 29.785133
8.917000 29.790591
8.918000 29.796049
8.919000 29.801507
8.920000 29.806966
8.921000 29.812426
8.922000 29.817886
8.923000 29.823347
8.924000 29.828808
8.925000 29.834269
8.926000 29.839731
8.927000 29.845194
8.928000 29.850657
8.929000 29.856121
8.930000 29.861585
8.931000 29.867049
8.932000 29.872514
8.933000 29.877980
8.934000 29.883446
8.935000 29.888912
8.936000 29.894380
8.937000 29.899847
8.938000 29.905315
8.939000 29.910784
8.940000 29.916253
8.941000 29.921722
8.942000 29.927193
8.943000 29.932663
8.944000 29.938134
8.945000 29.943606
8.946000 29.949078
8.947000 29.954550
8.948000 29.960023
8.949000 29.965497
8.950000 29.970971
8.951000 29.976446
8.952000 29.981921
8.953000 29.987396
8.954000 29.992872
8.955000 29.998349
8.956000 30.003826
8.957000 30.009304
8.958000 30.014782
8.959000 30.020260
8.960000 30.025739
8.961000 30.031219
8.962000 30.036699
8.963000 30.042180
8.964000 30.047661
8.965000 30.053142
8.966000 30.058624
8.967000 30.064107
8.968000 30.069590
8.969000 30.075074
8.970000 30.080558
8.971000 30.086042
8.972000 30.091527
8.973000 30.097013
8.974000 30.102499
8.975000 30.107985
8.976000 30.113473
8.977000 30.118960
8.978000 30.124448
8.979000 30.129937
8.980000 30.135426
8.981000 30.140915
8.982000 30.146406
8.983000 30.151896
8.984000 30.157387
8.985000 30.162879
8.986000 30.168371
8.987000 30.173863
8.988000 30.179356
8.989000 30.184850
8.990000 30.190344
8.991000 30.195839
8.992000 30.201334
8.993000 30.206829
8.994000 30.212325
8.995000 30.217822
8.996000 30.223319
8.997000 30.228817
8.998000 30.234315
8.999000 30.239813
9.000000 30.245312
9.001000 30.250812
9.002000 30.256312
9.003000 30.261813
9.004000 30.267314
9.005000 30.272815
9.006000 30.278317
9.007000 30.283820
9.008000 30.289323
9.009000 30.294827
9.010000 30.300331
9.011000 30.305835
9.012000 30.311340
9.013000 30.316846
9.014000 30.322352
9.015000 30.327858
9.016000 30.333366
9.017000 30.338873
9.018000 30.344381
9.019000 30.349890
9.020000 30.355399
9.021000 30.360908
9.022000 30.366418
9.023000 30.371929
9.024000 30.377440
9.025000 30.382952
9.026000 30.388464
9.027000 30.393976
9.028000 30.399489
9.029000 30.405003
9.030000 30.410517
9.031000 30.416032
9.032000 30.421547
9.033000 30.427062
9.034000 30.432578
9.035000 30.438095
9.036000 30.443612
9.037000 30.449130
9.038000 30.454648
9.039000 30.460166
9.040000 30.465685
9.041000 30.471205
9.042000 30.476725
9.043000 30.482245
9.044000 30.487767
9.045000 30.493288
9.046000 30.498810
9.047000 30.504333
9.048000 30.509856
9.049000 30.515379
9.050000 30.520904
9.051000 30.526428
9.052000 30.531953
9.053000 30.537479
9.054000 30.543005
9.055000 30.548531
9.056000 30.554058
9.057000 30.559586
9.058000 30.565114
9.059000 30.570643
9.060000 30.576172
9.061000 30.581701
9.062000 30.587231
9.063000 30.592762
9.064000 30.598293
9.065000 30.603825
9.066000 30.609357
9.067000 30.614889
9.068000 30.620422
9.069000 30.625956
9.070000 30.631490
9.071000 30.637025
9.072000 30.642560
9.073000 30.648095
9.074000 30.653631
9.075000 30.659168
9.076000 30.664705
9.077000 30.670242
9.078000 30.675781
9.079000 30.681319
9.080000 30.686858
9.081000 30.692398
9.082000 30.697938
9.083000 30.703478
9.084000 30.709019
9.085000 30.714561
9.086000 30.720103
9.087000 30.725646
9.088000 30.731189
9.089000 30.736732
9.090000 30.742276
9.091000 30.747821
9.092000 30.753366
9.093000 30.758912
9.094000 30.764458
9.095000 30.770004
9.096000 30.775551
9.097000 30.781099
9.098000 30.786647
9.099000 30.792196
9.100000 30.797745
9.101000 30.803294
9.102000 30.808844
9.103000 30.814395
9.104000 30.819946
9.105000 30.825497
9.106000 30.831050
9.107000 30.836602
9.108000 30.842155
9.109000 30.847709
9.110000 30.853263
9.111000 30.858817
9.112000 30.864372
9.113000 30.869928
9.114000 30.875484
9.115000 30.881041
9.116000 30.886598
9.117000 30.892155
9.118000 30.897713
9.119000 30.903272
9.120000 30.908831
9.121000 30.914391
9.122000 30.919951
9.123000 30.925511
9.124000 30.931072
9.125000 30.936634
9.126000 30.942196
9.127000 30.947759
9.128000 30.953322
9.129000 30.958885
9.130000 30.964449
9.131000 30.970014
9.132000 30.975579
9.133000 30.981144
9.134000 30.986711
9.135000 30.992277
9.136000 30.997844
9.137000 31.003412
9.138000 31.008980
9.139000 31.014548
9.140000 31.020117
9.141000 31.025687
9.142000 31.031257
9.143000 31.036828
9.144000 31.042399
9.145000 31.047970
9.146000 31.053542
9.147000 31.059115
9.148000 31.064688
9.149000 31.070262
9.150000 31.075836
9.151000 31.081410
9.152000 31.086985
9.153000 31.092561
9.154000 31.098137
9.155000 31.103714
9.156000 31.109291
9.157000 31.114868
9.158000 31.120446
9.159000 31.126025
9.160000 31.131604
9.161000 31.137183
9.162000 31.142764
9.163000 31.148344
9.164000 31.153925
9.165000 31.159507
9.166000 31.165089
9.167000 31.170671
9.168000 31.176254
9.169000 31.181838
9.170000 31.187422
9.171000 31.193007
9.172000 31.198592
9.173000 31.204177
9.174000 31.209763
9.175000 31.215350
9.176000 31.220937
9.177000 31.226525
9.178000 31.232113
9.179000 31.237701
9.180000 31.243290
9.181000 31.248880
9.182000 31.254470
9.183000 31.260060
9.184000 31.265652
9.185000 31.271243
9.186000 31.276835
9.187000 31.282428
9.188000 31.288021
9.189000 31.293614
9.190000 31.299208
9.191000 31.304803
9.192000 31.310398
9.193000 31.315994
9.194000 31.321590
9.195000 31.327186
9.196000 31.332783
9.197000 31.338381
9.198000 31.343979
9.199000 31.349578
9.200000 31.355177
9.201000 31.360776
9.202000 31.366376
9.203000 31.371977
9.204000 31.377578
9.205000 31.383180
9.206000 31.388782
9.207000 31.394384
9.208000 31.399987
9.209000 31.405591
9.210000 31.411195
9.211000 31.416799
9.212000 31.422404
9.213000 31.428010
9.214000 31.433616
9.215000 31.439223
9.216000 31.444830
9.217000 31.450437
9.218000 31.456045
9.219000 31.461654
9.220000 31.467263
9.221000 31.472873
9.222000 31.478483
9.223000 31.484093
9.224000 31.489704
9.225000 31.495316
9.226000 31.500928
9.227000 31.506541
9.228000 31.512154
9.229000 31.517767
9.230000 31.523381
9.231000 31.528996
9.232000 31.534611
9.233000 31.540226
9.234000 31.545842
9.235000 31.551459
9.236000 31.557076
9.237000 31.562694
9.238000 31.568312
9.239000 31.573930
9.240000 31.579549
9.241000 31.585169
9.242000 31.590789
9.243000 31.596410
9.244000 31.602031
9.245000 31.607652
9.246000 31.613274
9.247000 31.618897
9.248000 31.624520
9.249000 31.630144
9.250000 31.635768
9.251000 31.641392
9.252000 31.647017
9.253000 31.652643
9.254000 31.658269
9.255000 31.663895
9.256000 31.669523
9.257000 31.675150
9.258000 31.680778
9.259000 31.686407
9.260000 31.692036
9.261000 31.697665
9.262000 31.703295
9.263000 31.708926
9.264000 31.714557
9.265000 31.720189
9.266000 31.725821
9.267000 31.731453
9.268000 31.737086
9.269000 31.742720
9.270000 31.748354
9.271000 31.753989
9.272000 31.759624
9.273000 31.765259
9.274000 31.770895
9.275000 31.776532
9.276000 31.782169
9.277000 31.787806
9.278000 31.793444
9.279000 31.799083
9.280000 31.804722
9.281000 31.810362
9.282000 31.816002
9.283000 31.821642
9.284000 31.827283
9.285000 31.832925
9.286000 31.838567
9.287000 31.844210
9.288000 31.849853
9.289000 31.855496
9.290000 31.861140
9.291000 31.866785
9.292000 31.872430
9.293000 31.878076
9.294000 31.883722
9.295000 31.889368
9.296000 31.895015
9.297000 31.900663
9.298000 31.906311
9.299000 31.911959
9.300000 31.917608
9.301000 31.923258
9.302000 31.928908
9.303000 31.934559
9.304000 31.940210
9.305000 31.945861
9.306000 31.951513
9.307000 31.957166
9.308000 31.962819
9.309000 31.968473
9.310000 31.974127
9.311000 31.979781
9.312000 31.985436
9.313000 31.991092
9.314000 31.996748
9.315000 32.002404
9.316000 32.008062
9.317000 32.013719
9.318000 32.019377
9.319000 32.025036
9.320000 32.030695
9.321000 32.036354
9.322000 32.042014
9.323000 32.047675
9.324000 32.053336
9.325000 32.058998
9.326000 32.064660
9.327000 32.070322
9.328000 32.075985
9.329000 32.081649
9.330000 32.087313
9.331000 32.092978
9.332000 32.098643
9.333000 32.104308
9.334000 32.109974
9.335000 32.115641
9.336000 32.121308
9.337000 32.126975
9.338000 32.132644
9.339000 32.138312
9.340000 32.143981
9.341000 32.149651
9.342000 32.155321
9.343000 32.160991
9.344000 32.166662
9.345000 32.172334
9.346000 32.178006
9.347000 32.183679
9.348000 32.189352
9.349000 32.195025
9.350000 32.200699
9.351000 32.206374
9.352000 32.212049
9.353000 32.217725
9.354000 32.223401
9.355000 32.229077
9.356000 32.234754
9.357000 32.240432
9.358000 32.246110
9.359000 32.251788
9.360000 32.257467
9.361000 32.263147
9.362000 32.268827
9.363000 32.274508
9.364000 32.280189
9.365000 32.285870
9.366000 32.291552
9.367000 32.297235
9.368000 32.302918
9.369000 32.308602
9.370000 32.314286
9.371000 32.319970
9.372000 32.325655
9.373000 32.331341
9.374000 32.337027
9.375000 32.342713
9.376000 32.348401
9.377000 32.354088
9.378000 32.359776
9.379000 32.365465
9.380000 32.371154
9.381000 32.376843
9.382000 32.382533
9.383000 32.388224
9.384000 32.393915
9.385000 32.399607
9.386000 32.405299
9.387000 32.410991
9.388000 32.416684
9.389000 32.422378
9.390000 32.428072
9.391000 32.433766
9.392000 32.439462
9.393000 32.445157
9.394000 32.450853
9.395000 32.456550
9.396000 32.462247
9.397000 32.467944
9.398000 32.473642
9.399000 32.479341
9.400000 32.485040
9.401000 32.490740
9.402000 32.496440
9.403000 32.502140
9.404000 32.507841
9.405000 32.513543
9.406000 32.519245
9.407000 32.524948
9.408000 32.530651
9.409000 32.536354
9.410000 32.542058
9.411000 32.547763
9.412000 32.553468
9.413000 32.559173
9.414000 32.564879
9.415000 32.570586
9.416000 32.576293
9.417000 32.582001
9.418000 32.587709
9.419000 32.593417
9.420000 32.599126
9.421000 32.604836
9.422000 32.610546
9.423000 32.616257
9.424000 32.621968
9.425000 32.627679
9.426000 32.633391
9.427000 32.639104
9.428000 32.644817
9.429000 32.650530
9.430000 32.656245
9.431000 32.661959
9.432000 32.667674
9.433000 32.673390
9.434000 32.679106
9.435000 32.684822
9.436000 32.690539
9.437000 32.696257
9.438000 32.701975
9.439000 32.707694
9.440000 32.713413
9.441000 32.719132
9.442000 32.724852
9.443000 32.730573
9.444000 32.736294
9.445000 32.742015
9.446000 32.747738
9.447000 32.753460
9.448000 32.759183
9.449000 32.764907
9.450000 32.770631
9.451000 32.776355
9.452000 32.782080
9.453000 32.787806
9.454000 32.793532
9.455000 32.799259
9.456000 32.804986
9.457000 32.810713
9.458000 32.816441
9.459000 32.822170
9.460000 32.827899
9.461000 32.833628
9.462000 32.839359
9.463000 32.845089
9.464000 32.850820
9.465000 32.856552
9.466000 32.862284
9.467000 32.868016
9.468000 32.873749
9.469000 32.879483
9.470000 32.885217
9.471000 32.890952
9.472000 32.896687
9.473000 32.902422
9.474000 32.908158
9.475000 32.913895
9.476000 32.919632
9.477000 32.925370
9.478000 32.931108
9.479000 32.936846
9.480000 32.942585
9.481000 32.948325
9.482000 32.954065
9.483000 32.959805
9.484000 32.965546
9.485000 32.971288
9.486000 32.977030
9.487000 32.982773
9.488000 32.988516
9.489000 32.994259
9.490000 33.000003
9.491000 33.005748
9.492000 33.011493
9.493000 33.017239
9.494000 33.022985
9.495000 33.028731
9.496000 33.034478
9.497000 33.040226
9.498000 33.045974
9.499000 33.051722
9.500000 33.057471
9.501000 33.063221
9.502000 33.068971
9.503000 33.074722
9.504000 33.080473
9.505000 33.086224
9.506000 33.091976
9.507000 33.097729
9.508000 33.103482
9.509000 33.109236
9.510000 33.114990
9.511000 33.120744
9.512000 33.126499
9.513000 33.132255
9.514000 33.138011
9.515000 33.143767
9.516000 33.149524
9.517000 33.155282
9.518000 33.161040
9.519000 33.166799
9.520000 33.172558
9.521000 33.178317
9.522000 33.184077
9.523000 33.189838
9.524000 33.195599
9.525000 33.201361
9.526000 33.207123
9.527000 33.212885
9.528000 33.218648
9.529000 33.224412
9.530000 33.230176
9.531000 33.235940
9.532000 33.241705
9.533000 33.247471
9.534000 33.253237
9.535000 33.259004
9.536000 33.264771
9.537000 33.270538
9.538000 33.276306
9.539000 33.282075
9.540000 33.287844
9.541000 33.293614
9.542000 33.299384
9.543000 33.305154
9.544000 33.310925
9.545000 33.316697
9.546000 33.322469
9.547000 33.328241
9.548000 33.334014
9.549000 33.339788
9.550000 33.345562
9.551000 33.351337
9.552000 33.357112
9.553000 33.362887
9.554000 33.368663
9.555000 33.374440
9.556000 33.380217
9.557000 33.385995
9.558000 33.391773
9.559000 33.397551
9.560000 33.403330
9.561000 33.409110
9.562000 33.414890
9.563000 33.420670
9.564000 33.426451
9.565000 33.432233
9.566000 33.438015
9.567000 33.443798
9.568000 33.449581
9.569000 33.455364
9.570000 33.461148
9.571000 33.466933
9.572000 33.472718
9.573000 33.478503
9.574000 33.484290
9.575000 33.490076
9.576000 33.495863
9.577000 33.501651
9.578000 33.507439
9.579000 33.513227
9.580000 33.519016
9.581000 33.524806
9.582000 33.530596
9.583000 33.536387
9.584000 33.542178
9.585000 33.547969
9.586000 33.553761
9.587000 33.559554
9.588000 33.565347
9.589000 33.571140
9.590000 33.576935
9.591000 33.582729
9.592000 33.588524
9.593000 33.594320
9.594000 33.600116
9.595000 33.605912
9.596000 33.611709
9.597000 33.617507
9.598000 33.623305
9.599000 33.629104
9.600000 33.634903
9.601000 33.640702
9.602000 33.646502
9.603000 33.652303
9.604000 33.658104
9.605000 33.663905
9.606000 33.669707
9.607000 33.675510
9.608000 33.681313
9.609000 33.687117
9.610000 33.692921
9.611000 33.698725
9.612000 33.704530
9.613000 33.710336
9.614000 33.716142
9.615000 33.721949
9.616000 33.727756
9.617000 33.733563
9.618000 33.739371
9.619000 33.745180
9.620000 33.750989
9.621000 33.756798
9.622000 33.762608
9.623000 33.768419
9.624000 33.774230
9.625000 33.780042
9.626000 33.785854
9.627000 33.791666
9.628000 33.797479
9.629000 33.803293
9.630000 33.809107
9.631000 33.814921
9.632000 33.820737
9.633000 33.826552
9.634000 33.832368
9.635000 33.838185
9.636000 33.844002
9.637000 33.849819
9.638000 33.855637
9.639000 33.861456
9.640000 33.867275
9.641000 33.873095
9.642000 33.878915
9.643000 33.884735
9.644000 33.890556
9.645000 33.896378
9.646000 33.902200
9.647000 33.908022
9.648000 33.913846
9.649000 33.919669
9.650000 33.925493
9.651000 33.931318
9.652000 33.937143
9.653000 33.942968
9.654000 33.948794
9.655000 33.954621
9.656000 33.960448
9.657000 33.966276
9.658000 33.972104
9.659000 33.977932
9.660000 33.983761
9.661000 33.989591
9.662000 33.995421
9.663000 34.001251
9.664000 34.007082
9.665000 34.012914
9.666000 34.018746
9.667000 34.024579
9.668000 34.030412
9.669000 34.036245
9.670000 34.042079
9.671000 34.047914
9.672000 34.053749
9.673000 34.059584
9.674000 34.065421
9.675000 34.071257
9.676000 34.077094
9.677000 34.082932
9.678000 34.088770
9.679000 34.094608
9.680000 34.100447
9.681000 34.106287
9.682000 34.112127
9.683000 34.117968
9.684000 34.123809
9.685000 34.129650
9.686000 34.135492
9.687000 34.141335
9.688000 34.147178
9.689000 34.153021
9.690000 34.158865
9.691000 34.164710
9.692000 34.170555
9.693000 34.176401
9.694000 34.182247
9.695000 34.188093
9.696000 34.193940
9.697000 34.199788
9.698000 34.205636
9.699000 34.211485
9.700000 34.217334
9.701000 34.223183
9.702000 34.229033
9.703000 34.234884
9.704000 34.240735
9.705000 34.246586
9.706000 34.252438
9.707000 34.258291
9.708000 34.264144
9.709000 34.269998
9.710000 34.275852
9.711000 34.281706
9.712000 34.287561
9.713000 34.293417
9.714000 34.299273
9.715000 34.305129
9.716000 34.310987
9.717000 34.316844
9.718000 34.322702
9.719000 34.328561
9.720000 34.334420
9.721000 34.340279
9.722000 34.346139
9.723000 34.352000
9.724000 34.357861
9.725000 34.363723
9.726000 34.369585
9.727000 34.375447
9.728000 34.381310
9.729000 34.387174
9.730000 34.393038
9.731000 34.398902
9.732000 34.404767
9.733000 34.410633
9.734000 34.416499
9.735000 34.422366
9.736000 34.428233
9.737000 34.434100
9.738000 34.439968
9.739000 34.445837
9.740000 34.451706
9.741000 34.457575
9.742000 34.463446
9.743000 34.469316
9.744000 34.475187
9.745000 34.481059
9.746000 34.486931
9.747000 34.492803
9.748000 34.498676
9.749000 34.504550
9.750000 34.510424
9.751000 34.516299
9.752000 34.522174
9.753000 34.528049
9.754000 34.533925
9.755000 34.539802
9.756000 34.545679
9.757000 34.551556
9.758000 34.557434
9.759000 34.563313
9.760000 34.569192
9.761000 34.575072
9.762000 34.580952
9.763000 34.586832
9.764000 34.592713
9.765000 34.598595
9.766000 34.604477
9.767000 34.610359
9.768000 34.616242
9.769000 34.622126
9.770000 34.628010
9.771000 34.633895
9.772000 34.639780
9.773000 34.645665
9.774000 34.651551
9.775000 34.657438
9.776000 34.663325
9.777000 34.669213
9.778000 34.675101
9.779000 34.680989
9.780000 34.686878
9.781000 34.692768
9.782000 34.698658
9.783000 34.704548
9.784000 34.710439
9.785000 34.716331
9.786000 34.722223
9.787000 34.728116
9.788000 34.734009
9.789000 34.739902
9.790000 34.745796
9.791000 34.751691
9.792000 34.757586
9.793000 34.763481
9.794000 34.769377
9.795000 34.775274
9.796000 34.781171
9.797000 34.787069
9.798000 34.792967
9.799000 34.798865
9.800000 34.804764
9.801000 34.810664
9.802000 34.816564
9.803000 34.822464
9.804000 34.828366
9.805000 34.834267
9.806000 34.840169
9.807000 34.846072
9.808000 34.851975
9.809000 34.857878
9.810000 34.863782
9.811000 34.869687
9.812000 34.875592
9.813000 34.881498
9.814000 34.887404
9.815000 34.893310
9.816000 34.899217
9.817000 34.905125
9.818000 34.911033
9.819000 34.916941
9.820000 34.922850
9.821000 34.928760
9.822000 34.934670
9.823000 34.940581
9.824000 34.946492
9.825000 34.952403
9.826000 34.958315
9.827000 34.964228
9.828000 34.970141
9.829000 34.976054
9.830000 34.981968
9.831000 34.987883
9.832000 34.993798
9.833000 34.999714
9.834000 35.005630
9.835000 35.011546
9.836000 35.017463
9.837000 35.023381
9.838000 35.029299
9.839000 35.035217
9.840000 35.041137
9.841000 35.047056
9.842000 35.052976
9.843000 35.058897
9.844000 35.064818
9.845000 35.070739
9.846000 35.076661
9.847000 35.082584
9.848000 35.088507
9.849000 35.094431
9.850000 35.100355
9.851000 35.106279
9.852000 35.112204
9.853000 35.118130
9.854000 35.124056
9.855000 35.129982
9.856000 35.135909
9.857000 35.141837
9.858000 35.147765
9.859000 35.153694
9.860000 35.159623
9.861000 35.165552
9.862000 35.171482
9.863000 35.177413
9.864000 35.183344
9.865000 35.189275
9.866000 35.195207
9.867000 35.201140
9.868000 35.207073
9.869000 35.213007
9.870000 35.218941
9.871000 35.224875
9.872000 35.230810
9.873000 35.236746
9.874000 35.242682
9.875000 35.248618
9.876000 35.254556
9.877000 35.260493
9.878000 35.266431
9.879000 35.272370
9.880000 35.278309
9.881000 35.284248
9.882000 35.290188
9.883000 35.296129
9.884000 35.302070
9.885000 35.308012
9.886000 35.313954
9.887000 35.319896
9.888000 35.325839
9.889000 35.331783
9.890000 35.337727
9.891000 35.343671
9.892000 35.349616
9.893000 35.355562
9.894000 35.361508
9.895000 35.367455
9.896000 35.373402
9.897000 35.379349
9.898000 35.385297
9.899000 35.391246
9.900000 35.397195
9.901000 35.403144
9.902000 35.409094
9.903000 35.415045
9.904000 35.420996
9.905000 35.426948
9.906000 35.432900
9.907000 35.438852
9.908000 35.444805
9.909000 35.450759
9.910000 35.456713
9.911000 35.462667
9.912000 35.468622
9.913000 35.474578
9.914000 35.480534
9.915000 35.486491
9.916000 35.492448
9.917000 35.498405
9.918000 35.504363
9.919000 35.510322
9.920000 35.516281
9.921000 35.522240
9.922000 35.528201
9.923000 35.534161
9.924000 35.540122
9.925000 35.546084
9.926000 35.552046
9.927000 35.558008
9.928000 35.563971
9.929000 35.569935
9.930000 35.575899
9.931000 35.581864
9.932000 35.587829
9.933000 35.593794
9.934000 35.599760
9.935000 35.605727
9.936000 35.611694
9.937000 35.617661
9.938000 35.623629
9.939000 35.629598
9.940000 35.635567
9.941000 35.641537
9.942000 35.647507
9.943000 35.653477
9.944000 35.659448
9.945000 35.665420
9.946000 35.671392
9.947000 35.677364
9.948000 35.683337
9.949000 35.689311
9.950000 35.695285
9.951000 35.701260
9.952000 35.707235
9.953000 35.713210
9.954000 35.719186
9.955000 35.725163
9.956000 35.731140
9.957000 35.737117
9.958000 35.743095
9.959000 35.749074
9.960000 35.755053
9.961000 35.761033
9.962000 35.767013
9.963000 35.772993
9.964000 35.778974
9.965000 35.784956
9.966000 35.790938
9.967000 35.796920
9.968000 35.802903
9.969000 35.808887
9.970000 35.814871
9.971000 35.820856
9.972000 35.826841
9.973000 35.832826
9.974000 35.838812
9.975000 35.844799
9.976000 35.850786
9.977000 35.856773
9.978000 35.862761
9.979000 35.868750
9.980000 35.874739
9.981000 35.880729
9.982000 35.886719
9.983000 35.892709
9.984000 35.898700
9.985000 35.904692
9.986000 35.910684
9.987000 35.916676
9.988000 35.922670
9.989000 35.928663
9.990000 35.934657
9.991000 35.940652
9.992000 35.946647
9.993000 35.952642
9.994000 35.958638
9.995000 35.964635
9.996000 35.970632
9.997000 35.976629
9.998000 35.982628
9.999000 35.988626
10.000000 35.994625
